key,pearson_r,rmse,mae,train_time,ms_per_mol,n_params,epochs_run,stopped_early
PDBbind_PharmaJEGNN_L0_s42,0.526691198348999,1.7523236515492944,1.4269851446151733,1111.6546630859375,0.0013322830200195312,4221697,66,1
PDBbind_PharmaJEGNN_L0_s123,0.6167394518852234,1.4044300170090664,1.196930170059204,1247.712834596634,0.0013335545857747395,4221697,76,1
PDBbind_PharmaJEGNN_L0_s456,0.6287379264831543,1.4984921187867215,1.1873966455459595,1798.5186982154846,0.0013326009114583333,4221697,80,0
PDBbind_PharmaJEGNN_L0_s789,0.5805886387825012,1.6275884846249722,1.2873948812484741,5019.66009926796,0.0013332366943359375,4221697,80,0
PDBbind_PharmaJEGNN_L0_s1024,0.3936302661895752,1.9004974492032607,1.4386305809020996,1207.040364265442,0.0026667912801106772,4221697,80,0
PDBbind_PharmaJEGNN_L0_s2048,0.640241801738739,1.4550393733042417,1.156356692314148,1973.3250150680542,0.0013332366943359375,4221697,80,0
PDBbind_PharmaJEGNN_L0_s3141,0.29417675733566284,1.599211590950749,1.2664361000061035,1094.4558401107788,0.002667109171549479,4221697,40,1
PDBbind_PharmaJEGNN_L0_s9999,0.6905663013458252,1.596033592042696,1.3363325595855713,1120.9898483753204,0.0013335545857747395,4221697,80,0
PDBbind_PharmaJEGNN_L0_s7777,0.38097530603408813,1.7985477125399918,1.404677152633667,3962.550131082535,0.0013341903686523438,4221697,80,0
PDBbind_PharmaJEGNN_L0_s5555,0.6325601935386658,1.37191430559094,1.0643432140350342,1383.0715973377228,0.003999392191569011,4221697,63,1
PDBbind_PharmaJEGNN_L0_s1111,0.490823358297348,1.8231715069613654,1.4339118003845215,3243.7458868026733,0.002666473388671875,4221697,80,0
PDBbind_PharmaJEGNN_L0_s2222,0.5853648781776428,1.5877318355654682,1.2976850271224976,1743.8216545581818,0.003999392191569011,4221697,80,0
PDBbind_PharmaJEGNN_L0_s3333,0.5810886025428772,1.7074881145236778,1.3674565553665161,3414.418561697006,0.0013319651285807292,4221697,71,1
PDBbind_PharmaJEGNN_L0_s4444,0.4879777729511261,1.9970514497122631,1.6196625232696533,725.9930305480957,0.0013341903686523438,4221697,42,1
PDBbind_PharmaJEGNN_L0_s6666,0.5016669034957886,1.7415897729621568,1.3878140449523926,268.4953601360321,0.002677281697591146,4221697,80,0
PDBbind_PharmaJEGNN_L0_s8888,0.4297013282775879,1.7484566149719263,1.4156655073165894,1325.6960000991821,0.0013319651285807292,4221697,76,1
PDBbind_PharmaJEGNN_L0_s314,0.5839511156082153,1.307553780509102,1.0516791343688965,217.18651342391968,0.0013427734375,4221697,55,1
PDBbind_PharmaJEGNN_L0_s271,0.5526416897773743,1.7467379139184116,1.2976038455963135,167.5026409626007,0.0013335545857747395,4221697,70,1
PDBbind_PharmaJEGNN_L0_s1618,0.5811211466789246,1.5884501279711345,1.2168103456497192,1129.1738142967224,0.0013360977172851562,4221697,80,0
PDBbind_PharmaJEGNN_L0_s1729,0.598931610584259,1.500344236928535,1.1966350078582764,1148.1209170818329,0.001339276631673177,4221697,76,1
PDBbind_D-MPNN_L0_s42,0.5855696201324463,1.6684140899553455,1.3392919301986694,47.192002058029175,0.002666473388671875,471297,80,0
PDBbind_D-MPNN_L0_s123,0.486675500869751,1.5841628796035367,1.329339861869812,46.933000564575195,0.002669652303059896,471297,80,0
PDBbind_D-MPNN_L0_s456,0.5714518427848816,1.5898595710735752,1.280443549156189,32.580002784729004,0.002666473388671875,471297,55,1
PDBbind_D-MPNN_L0_s789,0.5103222727775574,1.7085020245636915,1.411657691001892,46.0400025844574,0.0013326009114583333,471297,80,0
PDBbind_D-MPNN_L0_s1024,0.3879447281360626,1.9062341783210917,1.424003005027771,37.48500061035156,0.0013322830200195312,471297,65,1
PDBbind_D-MPNN_L0_s2048,0.6306269764900208,1.5023647582618096,1.160154938697815,43.48399996757507,0.0026667912801106772,471297,76,1
PDBbind_D-MPNN_L0_s3141,0.29388266801834106,1.5950932545441157,1.275191068649292,22.10200071334839,0.0026680628458658853,471297,38,1
PDBbind_D-MPNN_L0_s9999,0.622904896736145,1.7190645103532984,1.46200692653656,29.918999433517456,0.002665837605794271,471297,52,1
PDBbind_D-MPNN_L0_s7777,0.33438149094581604,1.8091195250627126,1.4067142009735107,41.35399794578552,0.0026652018229166665,471297,72,1
PDBbind_D-MPNN_L0_s5555,0.5991519093513489,1.420191092595181,1.1546120643615723,40.58500003814697,0.0026629765828450522,471297,69,1
PDBbind_D-MPNN_L0_s1111,0.4406264126300812,1.8943430384321815,1.5063968896865845,44.314106941223145,0.0026652018229166665,471297,75,1
PDBbind_D-MPNN_L0_s2222,0.6325571537017822,1.4693262309066017,1.220839500427246,46.128392457962036,0.0026645660400390625,471297,80,0
PDBbind_D-MPNN_L0_s3333,0.6096994280815125,1.6804412569983058,1.3600516319274902,45.75800037384033,0.0026642481486002603,471297,80,0
PDBbind_D-MPNN_L0_s4444,0.482237309217453,2.0009163902845675,1.6379684209823608,21.45600152015686,0.0013329188028971355,471297,37,1
PDBbind_D-MPNN_L0_s6666,0.5984334945678711,1.6240939034998112,1.3106820583343506,45.86000037193298,0.001331329345703125,471297,80,0
PDBbind_D-MPNN_L0_s8888,0.5002777576446533,1.6558899398110172,1.3337841033935547,46.3039984703064,0.0026655197143554688,471297,80,0
PDBbind_D-MPNN_L0_s314,0.5971655249595642,1.2857810128017406,1.0256805419921875,45.79700016975403,0.002666473388671875,471297,80,0
PDBbind_D-MPNN_L0_s271,0.535120964050293,1.7556038777760294,1.378124713897705,46.31600379943848,0.0013326009114583333,471297,80,0
PDBbind_D-MPNN_L0_s1618,0.5629553198814392,1.6218331362810068,1.2464375495910645,45.490001916885376,0.0026648839314778647,471297,80,1
PDBbind_D-MPNN_L0_s1729,0.5661918520927429,1.5476292784495917,1.2478175163269043,46.064005851745605,0.0026667912801106772,471297,80,0
PDBbind_GIN_L0_s42,0.6334472894668579,1.591289940368004,1.273936152458191,19.813000202178955,0.0013319651285807292,1388289,43,1
PDBbind_GIN_L0_s123,0.5831073522567749,1.5266708101330184,1.2604858875274658,25.889999866485596,0.0026677449544270835,1388289,57,1
PDBbind_GIN_L0_s456,0.3776264488697052,2.0849250307944414,1.5624065399169922,27.785001039505005,0.001331647237141927,1388289,62,1
PDBbind_GIN_L0_s789,0.44727733731269836,1.925289687120745,1.5377830266952515,29.216612100601196,0.0026629765828450522,1388289,65,1
PDBbind_GIN_L0_s1024,0.4567779302597046,1.951139615912006,1.4838494062423706,33.148003578186035,0.0026639302571614585,1388289,74,1
PDBbind_GIN_L0_s2048,0.3038256764411926,1.96509952283429,1.537705421447754,18.880998849868774,0.0026642481486002603,1388289,42,1
PDBbind_GIN_L0_s3141,0.21029923856258392,2.3441459829875964,1.543906569480896,29.40999722480774,0.0026642481486002603,1388289,65,1
PDBbind_GIN_L0_s9999,0.5773460865020752,1.8087117298772777,1.4975751638412476,23.289997577667236,0.002666473388671875,1388289,52,1
PDBbind_GIN_L0_s7777,0.35962483286857605,1.9244445123163456,1.4627231359481812,28.975001573562622,0.0026642481486002603,1388289,65,1
PDBbind_GIN_L0_s5555,0.1396019458770752,2.6538616438321103,2.0481579303741455,19.36899757385254,0.0026686986287434897,1388289,43,1
PDBbind_GIN_L0_s1111,0.2922316789627075,2.1517339766907324,1.731961727142334,33.924999475479126,0.0026639302571614585,1388289,76,1
PDBbind_GIN_L0_s2222,0.5331338047981262,1.6573108658396811,1.3416190147399902,25.554999351501465,0.0013335545857747395,1388289,57,1
PDBbind_GIN_L0_s3333,0.5219058394432068,1.8590067651101272,1.5705212354660034,33.59000062942505,0.0013319651285807292,1388289,76,1
PDBbind_GIN_L0_s4444,0.5605992078781128,1.8889999341424513,1.4260276556015015,32.304999351501465,0.0026667912801106772,1388289,72,1
PDBbind_GIN_L0_s6666,0.5985169410705566,1.6121978447100316,1.2619765996932983,29.801999807357788,0.00133514404296875,1388289,67,1
PDBbind_GIN_L0_s8888,0.32146352529525757,2.098518293903151,1.6116212606430054,20.21799898147583,0.0013357798258463542,1388289,45,1
PDBbind_GIN_L0_s314,0.40579384565353394,1.7037457376092333,1.3605045080184937,30.910996675491333,0.0013303756713867188,1388289,69,1
PDBbind_GIN_L0_s271,0.5395018458366394,1.8045210328053576,1.3994446992874146,35.773998498916626,0.0026652018229166665,1388289,80,1
PDBbind_GIN_L0_s1618,0.30423635244369507,2.454536954948531,1.6902269124984741,31.01499915122986,0.0026648839314778647,1388289,70,1
PDBbind_GIN_L0_s1729,0.6904259324073792,1.3942672949845687,1.1227457523345947,33.99710512161255,0.0013329188028971355,1388289,76,1
PDBbind_SchNet_L0_s42,0.5772296190261841,1.6943035023687574,1.4029016494750977,101.05799794197083,0.0013322830200195312,1643265,80,0
PDBbind_SchNet_L0_s123,0.5512707233428955,1.5064927091577183,1.2454487085342407,51.708998918533325,0.0013322830200195312,1643265,41,1
PDBbind_SchNet_L0_s456,0.5648689866065979,1.6427476502887766,1.3345836400985718,70.8479995727539,0.0013326009114583333,1643265,56,1
PDBbind_SchNet_L0_s789,0.57929527759552,1.626922204134815,1.3329402208328247,100.96199584007263,0.002666473388671875,1643265,80,0
PDBbind_SchNet_L0_s1024,0.42477676272392273,1.925406026749586,1.481562852859497,93.39006733894348,0.0026674270629882812,1643265,73,1
PDBbind_SchNet_L0_s2048,0.5136762261390686,1.6085196879577979,1.219038963317871,39.59989142417908,0.0013322830200195312,1643265,31,1
PDBbind_SchNet_L0_s3141,0.3697587847709656,1.5204574782432265,1.1839897632598877,74.7180016040802,0.0026639302571614585,1643265,58,1
PDBbind_SchNet_L0_s9999,0.6928707957267761,1.630539621769554,1.3868883848190308,104.05551981925964,0.001331329345703125,1643265,79,1
PDBbind_SchNet_L0_s7777,0.3716752529144287,1.7756293779404462,1.3731279373168945,107.02056050300598,0.0013329188028971355,1643265,80,0
PDBbind_SchNet_L0_s5555,0.5247266292572021,1.5135301880511707,1.2059969902038574,48.60419178009033,0.0013332366943359375,1643265,36,1
PDBbind_SchNet_L0_s1111,0.4459262788295746,1.8617541054887456,1.475929617881775,105.28610754013062,0.001331329345703125,1643265,80,0
PDBbind_SchNet_L0_s2222,0.6044031977653503,1.5257370246536746,1.3028501272201538,105.63149642944336,0.0013341903686523438,1643265,80,1
PDBbind_SchNet_L0_s3333,0.5307090878486633,1.7854270813088107,1.4279670715332031,65.48932456970215,0.0013332366943359375,1643265,50,1
PDBbind_SchNet_L0_s4444,0.5313985347747803,1.9274863225548098,1.5566366910934448,95.08100080490112,0.0026661554972330728,1643265,72,1
PDBbind_SchNet_L0_s6666,0.6030035614967346,1.6190752446465075,1.295318841934204,104.80199980735779,0.0013332366943359375,1643265,80,0
PDBbind_SchNet_L0_s8888,0.4022238254547119,1.720793255146061,1.4040433168411255,86.81999683380127,0.0013338724772135417,1643265,66,1
PDBbind_SchNet_L0_s314,0.5682806968688965,1.319342533436741,1.0408812761306763,68.04262185096741,0.0026642481486002603,1643265,52,1
PDBbind_SchNet_L0_s271,0.5155341029167175,1.7960740667843418,1.4220805168151855,105.16000247001648,0.001331647237141927,1643265,80,0
PDBbind_SchNet_L0_s1618,0.5407400131225586,1.6921490102178862,1.3041045665740967,87.71022725105286,0.0013338724772135417,1643265,66,1
PDBbind_SchNet_L0_s1729,0.6163431406021118,1.475235761777055,1.1592246294021606,106.94863414764404,0.0013335545857747395,1643265,80,0
PDBbind_DimeNet_L0_s42,0.542059063911438,1.7403224661609025,1.3897160291671753,86.72888255119324,0.0026674270629882812,879105,80,0
PDBbind_DimeNet_L0_s123,0.5275976657867432,1.51025390625,1.249662160873413,51.31017804145813,0.0013326009114583333,879105,46,1
PDBbind_DimeNet_L0_s456,0.5478583574295044,1.608282144090965,1.26558518409729,89.23899936676025,0.0026677449544270835,879105,80,0
PDBbind_DimeNet_L0_s789,0.5490359663963318,1.6733504585261154,1.387713074684143,88.70199990272522,0.0013287862141927083,879105,80,0
PDBbind_DimeNet_L0_s1024,0.35234883427619934,1.9959356017646466,1.5195187330245972,61.93300533294678,0.002666473388671875,879105,56,1
PDBbind_DimeNet_L0_s2048,0.6102441549301147,1.5194744501554782,1.1917730569839478,88.66599750518799,0.001331329345703125,879105,80,0
PDBbind_DimeNet_L0_s3141,0.34716740250587463,1.5228004884392907,1.1917098760604858,62.45900249481201,0.0013335545857747395,879105,56,1
PDBbind_DimeNet_L0_s9999,0.6389984488487244,1.6857347792541206,1.4173622131347656,82.25657963752747,0.002667109171549479,879105,74,1
PDBbind_DimeNet_L0_s7777,0.3185253441333771,1.8415976423674338,1.4345494508743286,92.14000296592712,0.0013332366943359375,879105,80,0
PDBbind_DimeNet_L0_s5555,0.5911171436309814,1.419451902079209,1.1089832782745361,76.86900043487549,0.002669652303059896,879105,65,1
PDBbind_DimeNet_L0_s1111,0.4360373616218567,1.8726421790137426,1.5057085752487183,93.39700245857239,0.0013306935628255208,879105,80,0
PDBbind_DimeNet_L0_s2222,0.5803221464157104,1.5447054203760455,1.303905725479126,94.08499956130981,0.0026639302571614585,879105,80,0
PDBbind_DimeNet_L0_s3333,0.4666116237640381,1.9050957358826925,1.5353114604949951,42.17900013923645,0.002666473388671875,879105,36,1
PDBbind_DimeNet_L0_s4444,0.4864688515663147,1.991003724486059,1.6171233654022217,52.65420341491699,0.0026642481486002603,879105,45,1
PDBbind_DimeNet_L0_s6666,0.578905463218689,1.6449227852367019,1.3380314111709595,94.31599950790405,0.002669652303059896,879105,80,0
PDBbind_DimeNet_L0_s8888,0.404949814081192,1.7430448603544688,1.4206504821777344,98.89100170135498,0.0026712417602539062,879105,80,0
PDBbind_DimeNet_L0_s314,0.5694493651390076,1.3137164155712533,1.0549581050872803,93.95899891853333,0.0026645660400390625,879105,80,0
PDBbind_DimeNet_L0_s271,0.5072876214981079,1.800828713807279,1.400571584701538,86.4450032711029,0.0013332366943359375,879105,80,0
PDBbind_DimeNet_L0_s1618,0.5384498834609985,1.657031828409442,1.2789725065231323,83.13282322883606,0.0026674270629882812,879105,80,0
PDBbind_DimeNet_L0_s1729,0.5842894315719604,1.5229669088624718,1.2117687463760376,85.07799983024597,0.002666473388671875,879105,80,0
PDBbind_Uni-Mol_L0_s42,0.34933143854141235,1.922777351741357,1.5433717966079712,31.63982367515564,0.0013332366943359375,3200905,30,1
PDBbind_Uni-Mol_L0_s123,0.5569517612457275,1.4981684629193517,1.2654876708984375,58.63299918174744,0.0013345082600911458,3200905,59,1
PDBbind_Uni-Mol_L0_s456,0.5091366171836853,1.7253047452785872,1.4317673444747925,56.53699707984924,0.0013322830200195312,3200905,55,1
PDBbind_Uni-Mol_L0_s789,0.49005746841430664,1.8244304003247898,1.432876467704773,89.05899953842163,0.0026667912801106772,3200905,80,0
PDBbind_Uni-Mol_L0_s1024,0.33850526809692383,2.1332552383950434,1.614402413368225,48.8949990272522,0.0026712417602539062,3200905,46,1
PDBbind_Uni-Mol_L0_s2048,0.6219502091407776,1.4706590298834514,1.1645781993865967,79.36900520324707,0.0013357798258463542,3200905,75,1
PDBbind_Uni-Mol_L0_s3141,0.3224152624607086,1.592979843452744,1.246927261352539,39.35400104522705,0.0026677449544270835,3200905,37,1
PDBbind_Uni-Mol_L0_s9999,0.658738374710083,1.6857987057719692,1.468336582183838,32.481202602386475,0.0013329188028971355,3200905,31,1
PDBbind_Uni-Mol_L0_s7777,0.3323577046394348,1.9104898547592288,1.4548836946487427,57.85791850090027,0.00133514404296875,3200905,59,1
PDBbind_Uni-Mol_L0_s5555,0.48612865805625916,1.534584618446267,1.1903067827224731,26.975000619888306,0.0013332366943359375,3200905,30,1
PDBbind_Uni-Mol_L0_s1111,0.4366718828678131,1.8896647765564607,1.5247550010681152,79.98400115966797,0.0013332366943359375,3200905,74,1
PDBbind_Uni-Mol_L0_s2222,0.598181426525116,1.5366489443029412,1.2816437482833862,40.66200089454651,0.0026667912801106772,3200905,46,1
PDBbind_Uni-Mol_L0_s3333,0.47591203451156616,1.9113190588939768,1.5417174100875854,27.26799988746643,0.0026680628458658853,3200905,30,1
PDBbind_Uni-Mol_L0_s4444,0.45933467149734497,2.031589421010437,1.6182433366775513,26.08399987220764,0.0013329188028971355,3200905,30,1
PDBbind_Uni-Mol_L0_s6666,0.5508253574371338,1.6668629610179713,1.3209599256515503,36.92500019073486,0.0013322830200195312,3200905,41,1
PDBbind_Uni-Mol_L0_s8888,0.3750847578048706,1.8830156651968106,1.4912313222885132,71.08132123947144,0.0026655197143554688,3200905,80,0
PDBbind_Uni-Mol_L0_s314,0.5624134540557861,1.4195142997943193,1.128636360168457,64.68599915504456,0.0013335545857747395,3200905,71,1
PDBbind_Uni-Mol_L0_s271,0.4273150861263275,1.8975883437186256,1.4692615270614624,43.67299962043762,0.0013341903686523438,3200905,48,1
PDBbind_Uni-Mol_L0_s1618,0.5011258125305176,1.7387398447032247,1.3480700254440308,53.072004079818726,0.0013338724772135417,3200905,57,1
PDBbind_Uni-Mol_L0_s1729,0.5130066871643066,1.6185060000539675,1.304215669631958,43.82900142669678,0.002666473388671875,3200905,47,1
PDBbind_AttentiveFP_L0_s42,0.4924556016921997,1.7815320644913786,1.4306553602218628,130.71099948883057,0.0026655197143554688,3158791,80,0
PDBbind_AttentiveFP_L0_s123,0.5721619725227356,1.4581774582891722,1.2120023965835571,114.2313940525055,0.002666473388671875,3158791,70,1
PDBbind_AttentiveFP_L0_s456,0.5311943888664246,1.6241525494330746,1.2846746444702148,130.76799941062927,0.002666473388671875,3158791,80,0
PDBbind_AttentiveFP_L0_s789,0.5306631326675415,1.69316605077062,1.43654203414917,130.50699996948242,0.0013332366943359375,3158791,80,0
PDBbind_AttentiveFP_L0_s1024,0.3622952699661255,1.9122290101387402,1.447615385055542,132.6607551574707,0.002666473388671875,3158791,80,0
PDBbind_AttentiveFP_L0_s2048,0.5064498782157898,1.6312499532297646,1.2319096326828003,75.69800233840942,0.0026667912801106772,3158791,46,1
PDBbind_AttentiveFP_L0_s3141,0.35101017355918884,1.5139844214873777,1.1660680770874023,110.91099905967712,0.0013338724772135417,3158791,67,1
PDBbind_AttentiveFP_L0_s9999,0.6329348683357239,1.6398349131091174,1.3965048789978027,115.5049364566803,0.002665837605794271,3158791,71,1
PDBbind_AttentiveFP_L0_s7777,0.3462589383125305,1.8422097059987104,1.4935680627822876,127.42200064659119,0.0026680628458658853,3158791,80,0
PDBbind_AttentiveFP_L0_s5555,0.5273754000663757,1.490700585070397,1.1712416410446167,65.33099603652954,0.0013335545857747395,3158791,41,1
PDBbind_AttentiveFP_L0_s1111,0.45855897665023804,1.8536207131118794,1.5101501941680908,126.77800035476685,0.001331647237141927,3158791,80,0
PDBbind_AttentiveFP_L0_s2222,0.6401807069778442,1.4629697485434203,1.2260934114456177,126.83800339698792,0.0013319651285807292,3158791,80,0
PDBbind_AttentiveFP_L0_s3333,0.42883220314979553,1.9602782824567615,1.5686218738555908,47.48499941825867,0.0013329188028971355,3158791,30,1
PDBbind_AttentiveFP_L0_s4444,0.5507140755653381,1.9042614429796645,1.5424516201019287,109.58166217803955,0.0026648839314778647,3158791,69,1
PDBbind_AttentiveFP_L0_s6666,0.5852157473564148,1.6109543985392552,1.313341498374939,127.33200073242188,0.0013319651285807292,3158791,80,0
PDBbind_AttentiveFP_L0_s8888,0.3730747699737549,1.7472400017814018,1.4101237058639526,127.73199987411499,0.002665837605794271,3158791,80,0
PDBbind_AttentiveFP_L0_s314,0.5673567652702332,1.312795106318115,1.023287296295166,127.15000009536743,0.0013322830200195312,3158791,80,0
PDBbind_AttentiveFP_L0_s271,0.5010882616043091,1.7947744281964544,1.4055354595184326,109.84399890899658,0.001331647237141927,3158791,69,1
PDBbind_AttentiveFP_L0_s1618,0.5729070901870728,1.6124102663607143,1.2859539985656738,125.88500213623047,0.0026661554972330728,3158791,80,0
PDBbind_AttentiveFP_L0_s1729,0.5766738057136536,1.5324943313369332,1.204505205154419,127.23399996757507,0.0026648839314778647,3158791,80,0
PDBbind_PharmaJEGNN_L1_s42,0.5343217849731445,1.7301135247528454,1.407262921333313,1285.5305604934692,0.0013345082600911458,4221697,80,0
PDBbind_PharmaJEGNN_L1_s123,0.6199602484703064,1.4083221004346602,1.1988983154296875,1278.3847601413727,0.001331329345703125,4221697,80,0
PDBbind_PharmaJEGNN_L1_s456,0.6258057951927185,1.4977624416761013,1.1845448017120361,1720.4086894989014,0.001331647237141927,4221697,80,0
PDBbind_PharmaJEGNN_L1_s789,0.5785204768180847,1.6472124365690493,1.309908390045166,4939.812825202942,0.0013338724772135417,4221697,80,0
PDBbind_PharmaJEGNN_L1_s1024,0.3503342568874359,1.9599538821030211,1.4717705249786377,3322.736466884613,0.002669652303059896,4221697,71,1
PDBbind_PharmaJEGNN_L1_s2048,0.6370564103126526,1.455112205976715,1.163408637046814,1901.6974816322327,0.0026667912801106772,4221697,80,0
PDBbind_PharmaJEGNN_L1_s3141,0.29499033093452454,1.5914865015663717,1.256815791130066,906.3402724266052,0.0026661554972330728,4221697,33,1
PDBbind_PharmaJEGNN_L1_s9999,0.6661776304244995,1.61828995872748,1.362985610961914,752.180969953537,0.0026661554972330728,4221697,54,1
PDBbind_PharmaJEGNN_L1_s7777,0.38314327597618103,1.804864123400088,1.3993183374404907,3965.0303370952606,0.001331647237141927,4221697,80,0
PDBbind_PharmaJEGNN_L1_s5555,0.6243622899055481,1.3722066248180185,1.0486114025115967,1374.254009962082,0.0013319651285807292,4221697,80,0
PDBbind_PharmaJEGNN_L1_s1111,0.49026840925216675,1.8153753164766926,1.4168545007705688,2904.5415155887604,0.0013338724772135417,4221697,80,0
PDBbind_PharmaJEGNN_L1_s2222,0.5840116143226624,1.5925931284695758,1.3108547925949097,1439.4061641693115,0.0026652018229166665,4221697,73,1
PDBbind_PharmaJEGNN_L1_s3333,0.5773661136627197,1.7146120371063296,1.3710899353027344,3701.27387547493,0.00133514404296875,4221697,80,1
PDBbind_PharmaJEGNN_L1_s4444,0.5009610652923584,1.979476409231949,1.6055514812469482,969.5009579658508,0.0026677449544270835,4221697,58,1
PDBbind_PharmaJEGNN_L1_s6666,0.5072025656700134,1.7346136255465194,1.3941816091537476,267.6040372848511,0.004001617431640625,4221697,80,0
PDBbind_PharmaJEGNN_L1_s8888,0.4284600615501404,1.7711435008959582,1.456073522567749,1428.9381051063538,0.0039946238199869795,4221697,80,0
PDBbind_PharmaJEGNN_L1_s314,0.5921986103057861,1.296171756027241,1.0443562269210815,263.4983558654785,0.0013335545857747395,4221697,65,1
PDBbind_PharmaJEGNN_L1_s271,0.5322425365447998,1.7483448648330053,1.3235968351364136,147.20999908447266,0.0013360977172851562,4221697,63,1
PDBbind_PharmaJEGNN_L1_s1618,0.5719842314720154,1.610353709277867,1.2273204326629639,1040.3402252197266,0.0013329188028971355,4221697,71,1
PDBbind_PharmaJEGNN_L1_s1729,0.5767456889152527,1.5402179389171464,1.2216503620147705,849.3616125583649,0.0026680628458658853,4221697,59,1
PDBbind_D-MPNN_L1_s42,0.579781711101532,1.674494251363232,1.3516932725906372,47.60000252723694,0.0026648839314778647,471297,80,0
PDBbind_D-MPNN_L1_s123,0.48450955748558044,1.5832831056893237,1.340453028678894,43.16900086402893,0.0013326009114583333,471297,73,1
PDBbind_D-MPNN_L1_s456,0.5074358582496643,1.6681303352507895,1.325467586517334,21.545000553131104,0.0013319651285807292,471297,36,1
PDBbind_D-MPNN_L1_s789,0.5105100274085999,1.702759869833796,1.4053893089294434,47.21499681472778,0.0013335545857747395,471297,80,0
PDBbind_D-MPNN_L1_s1024,0.40354979038238525,1.877379687501463,1.4002490043640137,43.33400273323059,0.0026642481486002603,471297,73,1
PDBbind_D-MPNN_L1_s2048,0.46207740902900696,1.6714654581310437,1.2854704856872559,18.886000394821167,0.0013332366943359375,471297,32,1
PDBbind_D-MPNN_L1_s3141,0.3224298357963562,1.5763230564451691,1.2457869052886963,30.27900528907776,0.0013329188028971355,471297,51,1
PDBbind_D-MPNN_L1_s9999,0.634186863899231,1.6501236377979474,1.414963722229004,46.12500023841858,0.002667109171549479,471297,78,1
PDBbind_D-MPNN_L1_s7777,0.3367004990577698,1.8066192460728303,1.4107784032821655,42.73300576210022,0.0026636123657226562,471297,72,1
PDBbind_D-MPNN_L1_s5555,0.5930479764938354,1.423618798377312,1.1460728645324707,41.00399899482727,0.0013341903686523438,471297,69,1
PDBbind_D-MPNN_L1_s1111,0.4528127610683441,1.8584877269340658,1.4783316850662231,47.154003858566284,0.00133514404296875,471297,80,0
PDBbind_D-MPNN_L1_s2222,0.6262978911399841,1.4932110057409889,1.2269628047943115,44.511000871658325,0.0026674270629882812,471297,75,1
PDBbind_D-MPNN_L1_s3333,0.6038902997970581,1.681666711833085,1.3644031286239624,47.29900050163269,0.0013329188028971355,471297,80,0
PDBbind_D-MPNN_L1_s4444,0.4752075672149658,2.0194316079444334,1.6654952764511108,20.14600110054016,0.0026645660400390625,471297,34,1
PDBbind_D-MPNN_L1_s6666,0.5977898240089417,1.6206228284604272,1.302125096321106,47.33400201797485,0.0026661554972330728,471297,80,0
PDBbind_D-MPNN_L1_s8888,0.48291927576065063,1.659504482009228,1.342983365058899,47.91300344467163,0.0026667912801106772,471297,80,0
PDBbind_D-MPNN_L1_s314,0.5966606736183167,1.2787309865572785,1.0204983949661255,43.01700019836426,0.0026712417602539062,471297,73,1
PDBbind_D-MPNN_L1_s271,0.5401928424835205,1.7526955280798204,1.381084680557251,47.540003299713135,0.001331329345703125,471297,80,0
PDBbind_D-MPNN_L1_s1618,0.5654099583625793,1.616552845726778,1.2381991147994995,46.40499997138977,0.002666473388671875,471297,79,1
PDBbind_D-MPNN_L1_s1729,0.567516028881073,1.5478146714107286,1.2524001598358154,47.48500156402588,0.0013335545857747395,471297,80,0
PDBbind_GIN_L1_s42,0.6889628171920776,1.5867979224327724,1.2642887830734253,28.80100393295288,0.0013287862141927083,1388289,61,1
PDBbind_GIN_L1_s123,0.4584363102912903,1.7339380762115557,1.4358309507369995,27.67599844932556,0.0026652018229166665,1388289,59,1
PDBbind_GIN_L1_s456,0.3158857226371765,2.3126839229540717,1.6321159601211548,23.515003442764282,0.0013335545857747395,1388289,50,1
PDBbind_GIN_L1_s789,0.3929383158683777,2.0519012008885826,1.6090689897537231,26.042000770568848,0.0026623407999674478,1388289,56,1
PDBbind_GIN_L1_s1024,0.4171053171157837,1.9680430035971186,1.4352717399597168,37.501004219055176,0.0026629765828450522,1388289,80,0
PDBbind_GIN_L1_s2048,0.5998080968856812,1.5779510251073476,1.2384952306747437,32.05999684333801,0.0013322830200195312,1388289,69,1
PDBbind_GIN_L1_s3141,0.2422952950000763,2.587967919688848,1.4303237199783325,37.47600269317627,0.0013335545857747395,1388289,80,0
PDBbind_GIN_L1_s9999,0.6335127353668213,1.6545708979947304,1.2515482902526855,28.874997854232788,0.0013335545857747395,1388289,62,1
PDBbind_GIN_L1_s7777,0.31232884526252747,1.944613350238149,1.5007885694503784,26.100003004074097,0.0013329188028971355,1388289,56,1
PDBbind_GIN_L1_s5555,0.18554316461086273,3.000721208984242,1.7988797426223755,20.993998527526855,0.002667109171549479,1388289,45,1
PDBbind_GIN_L1_s1111,0.37053072452545166,2.0624348023253423,1.5600179433822632,35.64699721336365,0.002665837605794271,1388289,77,1
PDBbind_GIN_L1_s2222,0.6064320206642151,1.6420324918433888,1.269801378250122,32.64000153541565,0.001331647237141927,1388289,70,1
PDBbind_GIN_L1_s3333,0.48248401284217834,1.9017768030706206,1.5196843147277832,27.30700135231018,0.0026680628458658853,1388289,59,1
PDBbind_GIN_L1_s4444,0.4849875569343567,2.0813256189853795,1.586187481880188,26.631999492645264,0.0013335545857747395,1388289,57,1
PDBbind_GIN_L1_s6666,0.5844465494155884,1.730434512107508,1.3505133390426636,31.534996509552002,0.0013341903686523438,1388289,68,1
PDBbind_GIN_L1_s8888,0.41733184456825256,1.8208022870778502,1.4947929382324219,26.253999710083008,0.0026683807373046875,1388289,56,1
PDBbind_GIN_L1_s314,0.46660709381103516,1.560173438774554,1.136945366859436,37.240997076034546,0.0013332366943359375,1388289,80,0
PDBbind_GIN_L1_s271,0.5670385360717773,1.7790515785009369,1.4187694787979126,28.50499963760376,0.0013332366943359375,1388289,61,1
PDBbind_GIN_L1_s1618,0.39378008246421814,2.0415326937361318,1.5765198469161987,37.00900077819824,0.0013335545857747395,1388289,80,0
PDBbind_GIN_L1_s1729,0.6936074495315552,1.3737014360669026,1.1159554719924927,37.26099514961243,0.0026642481486002603,1388289,80,0
PDBbind_SchNet_L1_s42,0.5662564635276794,1.7079393428734337,1.4129973649978638,101.89999794960022,0.002666473388671875,1643265,80,0
PDBbind_SchNet_L1_s123,0.4833051562309265,1.557471538179552,1.2723579406738281,94.2020001411438,0.0013303756713867188,1643265,74,1
PDBbind_SchNet_L1_s456,0.5550249814987183,1.6331885967872115,1.3209378719329834,71.37000370025635,0.0013332366943359375,1643265,56,1
PDBbind_SchNet_L1_s789,0.5229564905166626,1.7287518873225107,1.4283264875411987,62.24399757385254,0.0026715596516927085,1643265,48,1
PDBbind_SchNet_L1_s1024,0.4092388153076172,1.9194705467577786,1.4610315561294556,88.18399739265442,0.0013335545857747395,1643265,68,1
PDBbind_SchNet_L1_s2048,0.5676128268241882,1.5472431708028145,1.206264853477478,93.0270004272461,0.002665837605794271,1643265,72,1
PDBbind_SchNet_L1_s3141,0.3215492069721222,1.5490581635057963,1.214053988456726,39.37499809265137,0.0013335545857747395,1643265,30,1
PDBbind_SchNet_L1_s9999,0.6992803812026978,1.6343028736428389,1.370847225189209,87.64546513557434,0.0013332366943359375,1643265,68,1
PDBbind_SchNet_L1_s7777,0.38283276557922363,1.765945810525592,1.3665562868118286,103.8829996585846,0.001331011454264323,1643265,80,0
PDBbind_SchNet_L1_s5555,0.5518826246261597,1.4807226924461747,1.1751203536987305,54.57100439071655,0.0026677449544270835,1643265,42,1
PDBbind_SchNet_L1_s1111,0.4517843425273895,1.857380093366331,1.4815319776535034,102.84299778938293,0.001331011454264323,1643265,80,0
PDBbind_SchNet_L1_s2222,0.6263186931610107,1.5186350712245593,1.2833921909332275,103.1150016784668,0.0013335545857747395,1643265,80,0
PDBbind_SchNet_L1_s3333,0.5669662952423096,1.7398623701451559,1.4002463817596436,63.155999183654785,0.0026667912801106772,1643265,49,1
PDBbind_SchNet_L1_s4444,0.5393308997154236,1.921022427643932,1.5511454343795776,71.41300249099731,0.0013303756713867188,1643265,55,1
PDBbind_SchNet_L1_s6666,0.5949043035507202,1.611688746932588,1.277461290359497,103.3499984741211,0.0013332366943359375,1643265,80,0
PDBbind_SchNet_L1_s8888,0.31143906712532043,1.803803660968568,1.4500749111175537,59.97199869155884,0.0013329188028971355,1643265,46,1
PDBbind_SchNet_L1_s314,0.575608491897583,1.3110821195179072,1.038814663887024,57.088003396987915,0.002667109171549479,1643265,44,1
PDBbind_SchNet_L1_s271,0.4989960491657257,1.815420691440695,1.444381594657898,103.83000349998474,0.0026629765828450522,1643265,80,0
PDBbind_SchNet_L1_s1618,0.5073419809341431,1.7759965087280667,1.382858157157898,60.347999811172485,0.0026661554972330728,1643265,47,1
PDBbind_SchNet_L1_s1729,0.6243820786476135,1.4620957296735027,1.1612879037857056,103.70700311660767,0.0013332366943359375,1643265,80,0
PDBbind_DimeNet_L1_s42,0.5310569405555725,1.7510357244127133,1.4007811546325684,82.78600192070007,0.0026655197143554688,879105,80,0
PDBbind_DimeNet_L1_s123,0.5254272222518921,1.521272735175053,1.2541613578796387,52.626959562301636,0.0013322830200195312,879105,51,1
PDBbind_DimeNet_L1_s456,0.5505422353744507,1.6000993697780344,1.2532051801681519,82.93799924850464,0.001331647237141927,879105,80,0
PDBbind_DimeNet_L1_s789,0.5537872314453125,1.6695641206924752,1.379083514213562,82.66800022125244,0.0026639302571614585,879105,80,0
PDBbind_DimeNet_L1_s1024,0.33044320344924927,2.0581816345818886,1.576557993888855,37.42500114440918,0.0026639302571614585,879105,36,1
PDBbind_DimeNet_L1_s2048,0.5998987555503845,1.5397678056527573,1.2055797576904297,82.60000228881836,0.001331329345703125,879105,80,0
PDBbind_DimeNet_L1_s3141,0.2886432707309723,1.5612172774343804,1.2301784753799438,44.7700035572052,0.0026661554972330728,879105,43,1
PDBbind_DimeNet_L1_s9999,0.6479459404945374,1.6621605117767027,1.3891435861587524,82.45799994468689,0.0013332366943359375,879105,80,0
PDBbind_DimeNet_L1_s7777,0.3094562292098999,1.8556944378574147,1.4465147256851196,82.61800026893616,0.0013332366943359375,879105,80,0
PDBbind_DimeNet_L1_s5555,0.6023830771446228,1.4171635466951813,1.1116061210632324,68.07400155067444,0.00266265869140625,879105,66,1
PDBbind_DimeNet_L1_s1111,0.4368841052055359,1.873184214977525,1.504807710647583,82.58999872207642,0.0013338724772135417,879105,80,0
PDBbind_DimeNet_L1_s2222,0.5796586871147156,1.545125569299254,1.3030728101730347,82.60900020599365,0.0013332366943359375,879105,80,0
PDBbind_DimeNet_L1_s3333,0.4679940938949585,1.8939325074735347,1.5423719882965088,37.04900121688843,0.0013332366943359375,879105,36,1
PDBbind_DimeNet_L1_s4444,0.46728184819221497,2.016042385208282,1.6489880084991455,39.492998361587524,0.002666473388671875,879105,38,1
PDBbind_DimeNet_L1_s6666,0.5769425630569458,1.6291505918498397,1.316399335861206,82.64599871635437,0.0013319651285807292,879105,80,0
PDBbind_DimeNet_L1_s8888,0.41782060265541077,1.7395529906164042,1.412389874458313,83.2119996547699,0.0013303756713867188,879105,80,0
PDBbind_DimeNet_L1_s314,0.5708094835281372,1.3121567686061237,1.0536458492279053,82.31199979782104,0.0013335545857747395,879105,80,0
PDBbind_DimeNet_L1_s271,0.5044907927513123,1.8084679842037947,1.4022905826568604,83.18600082397461,0.001331329345703125,879105,80,0
PDBbind_DimeNet_L1_s1618,0.5393457412719727,1.6512327675277563,1.2692809104919434,81.95199704170227,0.0026683807373046875,879105,80,0
PDBbind_DimeNet_L1_s1729,0.580075204372406,1.530822382794155,1.2138922214508057,82.77200317382812,0.0013332366943359375,879105,80,0
PDBbind_Uni-Mol_L1_s42,0.3500605523586273,1.9242400836884834,1.5495837926864624,27.78499960899353,0.0013300577799479167,3200905,30,1
PDBbind_Uni-Mol_L1_s123,0.5600377321243286,1.5170380602232008,1.288382649421692,54.56599760055542,0.002667109171549479,3200905,61,1
PDBbind_Uni-Mol_L1_s456,0.5072922110557556,1.73206739443867,1.4242366552352905,48.74900031089783,0.0013335545857747395,3200905,53,1
PDBbind_Uni-Mol_L1_s789,0.49389877915382385,1.7979304655333093,1.4212632179260254,72.6279993057251,0.0013332366943359375,3200905,80,0
PDBbind_Uni-Mol_L1_s1024,0.3396652340888977,2.0763898216537484,1.558652639389038,42.0389986038208,0.0013338724772135417,3200905,46,1
PDBbind_Uni-Mol_L1_s2048,0.6215446591377258,1.469777417491221,1.159314513206482,66.60599684715271,0.002666473388671875,3200905,75,1
PDBbind_Uni-Mol_L1_s3141,0.33211785554885864,1.5550208573000504,1.2139142751693726,27.535000562667847,0.0013332366943359375,3200905,30,1
PDBbind_Uni-Mol_L1_s9999,0.6869738101959229,1.5500483474574482,1.3500293493270874,49.71000099182129,0.0013319651285807292,3200905,56,1
PDBbind_Uni-Mol_L1_s7777,0.3243931829929352,1.9099620260088677,1.4564504623413086,53.636000871658325,0.001331329345703125,3200905,59,1
PDBbind_Uni-Mol_L1_s5555,0.4851309061050415,1.5369288957786307,1.1937854290008545,26.66900372505188,0.0026661554972330728,3200905,30,1
PDBbind_Uni-Mol_L1_s1111,0.42856869101524353,1.896365883894122,1.528515338897705,49.836002588272095,0.0026661554972330728,3200905,55,1
PDBbind_Uni-Mol_L1_s2222,0.6068122386932373,1.5172912247909551,1.2604365348815918,44.27800273895264,0.002666473388671875,3200905,49,1
PDBbind_Uni-Mol_L1_s3333,0.47785839438438416,1.9158160837776057,1.5418992042541504,27.559001445770264,0.0026667912801106772,3200905,30,1
PDBbind_Uni-Mol_L1_s4444,0.45788466930389404,2.047565605779982,1.656440019607544,26.803000450134277,0.002663294474283854,3200905,30,1
PDBbind_Uni-Mol_L1_s6666,0.5527622103691101,1.648941035450059,1.3072330951690674,42.7660014629364,0.0026686986287434897,3200905,47,1
PDBbind_Uni-Mol_L1_s8888,0.3690148890018463,1.9021768672991255,1.5164240598678589,72.67300343513489,0.0013332366943359375,3200905,80,0
PDBbind_Uni-Mol_L1_s314,0.5566443204879761,1.393783283263891,1.1131789684295654,52.5969979763031,0.002666473388671875,3200905,58,1
PDBbind_Uni-Mol_L1_s271,0.4307020306587219,1.877939526734982,1.4652003049850464,47.41499996185303,0.002666473388671875,3200905,52,1
PDBbind_Uni-Mol_L1_s1618,0.520409882068634,1.695364674411362,1.3411253690719604,72.98399996757507,0.0026648839314778647,3200905,80,0
PDBbind_Uni-Mol_L1_s1729,0.5181240439414978,1.6404696436395527,1.325791597366333,38.3900032043457,0.0013332366943359375,3200905,42,1
PDBbind_AttentiveFP_L1_s42,0.5124743580818176,1.759596737157108,1.4236716032028198,129.7500023841858,0.0013326009114583333,3158791,80,0
PDBbind_AttentiveFP_L1_s123,0.5266124606132507,1.5112393824201986,1.2466161251068115,112.90239477157593,0.0013329188028971355,3158791,70,1
PDBbind_AttentiveFP_L1_s456,0.5122039914131165,1.6629849379150432,1.3148951530456543,125.00199937820435,0.0026642481486002603,3158791,77,1
PDBbind_AttentiveFP_L1_s789,0.5262673497200012,1.6863613525679888,1.4318455457687378,129.39599800109863,0.0013335545857747395,3158791,80,0
PDBbind_AttentiveFP_L1_s1024,0.34562066197395325,1.9245548947464335,1.4483742713928223,104.8750011920929,0.0026617050170898438,3158791,65,1
PDBbind_AttentiveFP_L1_s2048,0.4730604887008667,1.6553452377726015,1.2400574684143066,66.25199937820435,0.0026661554972330728,3158791,41,1
PDBbind_AttentiveFP_L1_s3141,0.3398408889770508,1.5427537212954383,1.194212794303894,112.18000268936157,0.0026639302571614585,3158791,69,1
PDBbind_AttentiveFP_L1_s9999,0.6335403323173523,1.6417761261105612,1.3932671546936035,119.6899983882904,0.0013332366943359375,3158791,74,1
PDBbind_AttentiveFP_L1_s7777,0.33853086829185486,1.8477750905309789,1.4896010160446167,129.7990038394928,0.0013332366943359375,3158791,80,0
PDBbind_AttentiveFP_L1_s5555,0.5258421897888184,1.4913983879861283,1.1723532676696777,71.59199929237366,0.0013335545857747395,3158791,44,1
PDBbind_AttentiveFP_L1_s1111,0.461031049489975,1.8489212963710924,1.5062577724456787,129.1363980770111,0.0013297398885091145,3158791,80,0
PDBbind_AttentiveFP_L1_s2222,0.6253069043159485,1.4863049458965867,1.2479641437530518,129.46300148963928,0.0013329188028971355,3158791,80,0
PDBbind_AttentiveFP_L1_s3333,0.4284350872039795,1.953646902926288,1.5648369789123535,49.89199757575989,0.0013322830200195312,3158791,31,1
PDBbind_AttentiveFP_L1_s4444,0.5257236361503601,1.9469860798358223,1.5835682153701782,90.78741574287415,0.0026667912801106772,3158791,56,1
PDBbind_AttentiveFP_L1_s6666,0.5801606774330139,1.6141603305411985,1.3067915439605713,130.02683544158936,0.0013329188028971355,3158791,80,0
PDBbind_AttentiveFP_L1_s8888,0.3651857078075409,1.7585432780008021,1.419188141822815,130.36599707603455,0.0013329188028971355,3158791,80,0
PDBbind_AttentiveFP_L1_s314,0.5660412907600403,1.3192089818809476,1.0276556015014648,129.421000957489,0.0013329188028971355,3158791,80,0
PDBbind_AttentiveFP_L1_s271,0.5221105217933655,1.777629183811044,1.3767426013946533,128.04499793052673,0.0013329188028971355,3158791,79,1
PDBbind_AttentiveFP_L1_s1618,0.5663909316062927,1.6219464001530637,1.2915478944778442,128.56399369239807,0.0013338724772135417,3158791,80,0
PDBbind_AttentiveFP_L1_s1729,0.5810405611991882,1.5329945027501033,1.2064629793167114,129.57099723815918,0.0026648839314778647,3158791,80,0
PDBbind_PharmaJEGNN_L2_s42,0.5297771096229553,1.7377527012008946,1.4093040227890015,4499.016468048096,0.001339276631673177,4221697,80,0
PDBbind_PharmaJEGNN_L2_s123,0.5904579162597656,1.4474203050248373,1.236860990524292,4991.007091283798,0.004000663757324219,4221697,80,0
PDBbind_PharmaJEGNN_L2_s456,0.6072311401367188,1.5389284956632665,1.2119415998458862,3148.287055015564,0.0013338724772135417,4221697,80,0
PDBbind_PharmaJEGNN_L2_s789,0.5736308097839355,1.6547377538209154,1.3262965679168701,558.7770278453827,0.0013332366943359375,4221697,80,0
PDBbind_PharmaJEGNN_L2_s1024,0.3855706751346588,1.9084609920441908,1.4457839727401733,1729.2285170555115,0.0013329188028971355,4221697,80,0
PDBbind_PharmaJEGNN_L2_s2048,0.6261571049690247,1.4768988009362005,1.1845988035202026,2075.0787885189056,0.0026648839314778647,4221697,80,0
PDBbind_PharmaJEGNN_L2_s3141,0.30284184217453003,1.5874241968514629,1.2585307359695435,1566.1451082229614,0.0013329188028971355,4221697,40,1
PDBbind_PharmaJEGNN_L2_s9999,0.669860303401947,1.670117461590727,1.4003913402557373,3699.211664915085,0.0013338724772135417,4221697,56,1
PDBbind_PharmaJEGNN_L2_s7777,0.3680662214756012,1.8218188295162492,1.4091050624847412,2106.6288397312164,0.0026718775431315103,4221697,80,0
PDBbind_PharmaJEGNN_L2_s5555,0.46656572818756104,1.5982829685781847,1.2709096670150757,365.02303767204285,0.0020132064819335938,4221697,32,1
PDBbind_PharmaJEGNN_L2_s1111,0.48714596033096313,1.824746359875204,1.4351775646209717,2049.6806621551514,0.0026680628458658853,4221697,80,0
PDBbind_PharmaJEGNN_L2_s2222,0.5933157801628113,1.5662652996317599,1.2974085807800293,3640.4952478408813,0.0021524429321289062,4221697,80,0
PDBbind_PharmaJEGNN_L2_s3333,0.5798926949501038,1.7094600342516386,1.38602614402771,2013.300122499466,0.002674738566080729,4221697,75,1
PDBbind_PharmaJEGNN_L2_s4444,0.44999393820762634,2.0405421241650328,1.6657096147537231,1864.0991401672363,0.0026642481486002603,4221697,34,1
PDBbind_PharmaJEGNN_L2_s6666,0.5040683746337891,1.7369903228569261,1.4054152965545654,409.28720235824585,0.0013303756713867188,4221697,80,0
PDBbind_PharmaJEGNN_L2_s8888,0.43729153275489807,1.7451234037163699,1.4241461753845215,1840.521591424942,0.001331647237141927,4221697,78,1
PDBbind_PharmaJEGNN_L2_s314,0.5862208008766174,1.3127822572475025,1.0609484910964966,452.8413333892822,0.0013338724772135417,4221697,66,1
PDBbind_PharmaJEGNN_L2_s271,0.5379049181938171,1.7479282104450482,1.316900372505188,3484.1013355255127,0.0013332366943359375,4221697,69,1
PDBbind_PharmaJEGNN_L2_s1618,0.5870968699455261,1.5914151910110272,1.2116649150848389,2449.653651714325,0.0013332366943359375,4221697,80,0
PDBbind_PharmaJEGNN_L2_s1729,0.5791917443275452,1.524683281575423,1.213672399520874,2988.7615270614624,0.0013332366943359375,4221697,66,1
PDBbind_D-MPNN_L2_s42,0.5752643942832947,1.6784752308026742,1.3557891845703125,59.08000111579895,0.0013427734375,471297,80,0
PDBbind_D-MPNN_L2_s123,0.48817023634910583,1.5799208894070196,1.3083361387252808,58.21800351142883,0.0013332366943359375,471297,80,0
PDBbind_D-MPNN_L2_s456,0.5358561873435974,1.662635442049513,1.3459149599075317,37.41599893569946,0.0013335545857747395,471297,51,1
PDBbind_D-MPNN_L2_s789,0.49824079871177673,1.747205614935233,1.4277201890945435,58.179001331329346,0.001334826151529948,471297,80,0
PDBbind_D-MPNN_L2_s1024,0.4263743758201599,1.8914811899055082,1.4026687145233154,45.16200041770935,0.0013332366943359375,471297,62,1
PDBbind_D-MPNN_L2_s2048,0.6548618674278259,1.4507296107751133,1.124884843826294,58.01099753379822,0.002667109171549479,471297,80,0
PDBbind_D-MPNN_L2_s3141,0.34268859028816223,1.5349318944627601,1.216310739517212,32.98699998855591,0.0013329188028971355,471297,45,1
PDBbind_D-MPNN_L2_s9999,0.6547627449035645,1.6030617744217797,1.3727952241897583,57.96599841117859,0.0013332366943359375,471297,80,0
PDBbind_D-MPNN_L2_s7777,0.36451664566993713,1.777242536073284,1.3961173295974731,52.564000368118286,0.0013338724772135417,471297,72,1
PDBbind_D-MPNN_L2_s5555,0.5883437395095825,1.4107511750100932,1.1384941339492798,58.402998208999634,0.001331329345703125,471297,80,0
PDBbind_D-MPNN_L2_s1111,0.4419724941253662,1.8694390165386532,1.487221598625183,58.096001386642456,0.0013332366943359375,471297,80,0
PDBbind_D-MPNN_L2_s2222,0.6373222470283508,1.4681980638117897,1.2051241397857666,58.18900418281555,0.0013332366943359375,471297,80,0
PDBbind_D-MPNN_L2_s3333,0.6356230974197388,1.6399231635679203,1.3164393901824951,57.97699475288391,0.0013341903686523438,471297,80,0
PDBbind_D-MPNN_L2_s4444,0.4706704914569855,2.0174392696727272,1.6558551788330078,24.720006704330444,0.0013332366943359375,471297,34,1
PDBbind_D-MPNN_L2_s6666,0.5998267531394958,1.6227112571124138,1.2749497890472412,58.055997133255005,0.0013326009114583333,471297,80,0
PDBbind_D-MPNN_L2_s8888,0.4880623519420624,1.6305035779785653,1.2763338088989258,58.79800224304199,0.0013341903686523438,471297,80,0
PDBbind_D-MPNN_L2_s314,0.5965715646743774,1.2880935263825917,1.0101412534713745,50.8374764919281,0.0026636123657226562,471297,70,1
PDBbind_D-MPNN_L2_s271,0.5335208177566528,1.7808767228767832,1.4137874841690063,58.654001235961914,0.0013364156087239583,471297,80,0
PDBbind_D-MPNN_L2_s1618,0.5437300205230713,1.639218117714988,1.2524597644805908,57.05899691581726,0.0013335545857747395,471297,79,1
PDBbind_D-MPNN_L2_s1729,0.5769687294960022,1.5548149325031313,1.2600756883621216,58.287999391555786,0.0013319651285807292,471297,80,0
PDBbind_GIN_L2_s42,0.5579901337623596,1.8249081079001384,1.4981452226638794,40.67400288581848,0.0026690165201822915,1388289,74,1
PDBbind_GIN_L2_s123,0.4791322946548462,1.6041474114125247,1.3147530555725098,28.611998081207275,0.001331329345703125,1388289,53,1
PDBbind_GIN_L2_s456,0.05696318671107292,5.027631892177201,1.9995266199111938,25.493000745773315,0.001331647237141927,1388289,47,1
PDBbind_GIN_L2_s789,0.4234907031059265,1.9169683702712048,1.5746809244155884,34.19800424575806,0.0026652018229166665,1388289,63,1
PDBbind_GIN_L2_s1024,0.411805123090744,2.0048551041908365,1.5361659526824951,43.3249990940094,0.0013319651285807292,1388289,80,0
PDBbind_GIN_L2_s2048,0.4796660542488098,1.8136677104598966,1.4257030487060547,43.18700289726257,0.0013322830200195312,1388289,80,0
PDBbind_GIN_L2_s3141,0.35701578855514526,1.6447228979222326,1.3447484970092773,30.35099983215332,0.0026661554972330728,1388289,56,1
PDBbind_GIN_L2_s9999,0.5774776339530945,1.7854652721624535,1.3996599912643433,43.072998046875,0.0026693344116210938,1388289,80,0
PDBbind_GIN_L2_s7777,0.3208085596561432,2.0054680462053205,1.5122076272964478,38.2119996547699,0.0013332366943359375,1388289,71,1
PDBbind_GIN_L2_s5555,0.337988942861557,1.7580004782301737,1.3660032749176025,30.397003412246704,0.0013332366943359375,1388289,56,1
PDBbind_GIN_L2_s1111,0.5160840749740601,1.8139620836116281,1.4586094617843628,39.02299928665161,0.0013338724772135417,1388289,73,1
PDBbind_GIN_L2_s2222,0.5888171195983887,1.5850824766631884,1.329758882522583,43.13100028038025,0.0026686986287434897,1388289,80,0
PDBbind_GIN_L2_s3333,0.4302620589733124,2.003607238709847,1.6215887069702148,32.217000007629395,0.0013329188028971355,1388289,60,1
PDBbind_GIN_L2_s4444,0.19870862364768982,2.7489452940436583,1.869531512260437,30.56600069999695,0.0013326009114583333,1388289,57,1
PDBbind_GIN_L2_s6666,0.42078229784965515,2.05021988224477,1.484843373298645,34.53099513053894,0.0026655197143554688,1388289,64,1
PDBbind_GIN_L2_s8888,0.5579898357391357,1.6443132632072284,1.2929776906967163,42.849000692367554,0.0026661554972330728,1388289,79,1
PDBbind_GIN_L2_s314,0.38738498091697693,1.603537035484345,1.236344814300537,43.108999252319336,0.002666473388671875,1388289,80,0
PDBbind_GIN_L2_s271,0.5558782815933228,1.7339550575275209,1.4152376651763916,40.02945566177368,0.0026690165201822915,1388289,74,1
PDBbind_GIN_L2_s1618,0.39475682377815247,1.9447285951651838,1.5567489862442017,42.86300086975098,0.002665837605794271,1388289,80,0
PDBbind_GIN_L2_s1729,0.618783175945282,1.500068265633084,1.2742118835449219,43.12500023841858,0.0013329188028971355,1388289,80,0
PDBbind_SchNet_L2_s42,0.538810670375824,1.7277713876028893,1.4005950689315796,181.24297046661377,0.0026667912801106772,1643265,78,1
PDBbind_SchNet_L2_s123,0.5175992250442505,1.52181035713284,1.2524396181106567,163.25216937065125,0.0026655197143554688,1643265,74,1
PDBbind_SchNet_L2_s456,0.556769847869873,1.7020002378291,1.364484190940857,125.87700057029724,0.001331329345703125,1643265,67,1
PDBbind_SchNet_L2_s789,0.5226938128471375,1.673268103195695,1.3614344596862793,84.97199988365173,0.0013332366943359375,1643265,51,1
PDBbind_SchNet_L2_s1024,0.4280644655227661,1.9329147842221537,1.4804573059082031,107.98999953269958,0.0013335545857747395,1643265,65,1
PDBbind_SchNet_L2_s2048,0.6132651567459106,1.4878283835422355,1.167237401008606,113.59199976921082,0.0026686986287434897,1643265,68,1
PDBbind_SchNet_L2_s3141,0.33949702978134155,1.6309712080387613,1.2415317296981812,141.7489993572235,0.0013332366943359375,1643265,80,0
PDBbind_SchNet_L2_s9999,0.6640547513961792,1.6100224053855605,1.3553673028945923,162.28299951553345,0.0013332366943359375,1643265,80,0
PDBbind_SchNet_L2_s7777,0.3159227669239044,1.7909549881749065,1.4080904722213745,53.52725434303284,0.0013300577799479167,1643265,31,1
PDBbind_SchNet_L2_s5555,0.46136242151260376,1.570079881130219,1.2549126148223877,88.50842499732971,0.0013332366943359375,1643265,36,1
PDBbind_SchNet_L2_s1111,0.4839939475059509,1.8177479372565022,1.454434871673584,138.5554482936859,0.0013303756713867188,1643265,80,0
PDBbind_SchNet_L2_s2222,0.5759240388870239,1.5729561941809618,1.3511096239089966,132.90982937812805,0.0026661554972330728,1643265,80,0
PDBbind_SchNet_L2_s3333,0.5643690228462219,1.7567991599558643,1.4072610139846802,82.5910005569458,0.0026652018229166665,1643265,50,1
PDBbind_SchNet_L2_s4444,0.5196407437324524,1.9455655710841357,1.5857104063034058,133.7899990081787,0.0026667912801106772,1643265,80,0
PDBbind_SchNet_L2_s6666,0.5444077253341675,1.7097584742361034,1.3762035369873047,183.53817009925842,0.0013345082600911458,1643265,80,0
PDBbind_SchNet_L2_s8888,0.3319251537322998,1.8756835962922047,1.52944815158844,76.06253433227539,0.002666473388671875,1643265,44,1
PDBbind_SchNet_L2_s314,0.546555757522583,1.3787853414894535,1.109781265258789,102.60799908638,0.0013332366943359375,1643265,59,1
PDBbind_SchNet_L2_s271,0.4002721309661865,1.9013343968867733,1.5207643508911133,77.76882600784302,0.0026617050170898438,1643265,36,1
PDBbind_SchNet_L2_s1618,0.5423585176467896,1.6611267125613676,1.3051247596740723,140.88647150993347,0.0013303756713867188,1643265,80,0
PDBbind_SchNet_L2_s1729,0.6116987466812134,1.4813885813080767,1.143009901046753,142.77799892425537,0.0013319651285807292,1643265,77,1
PDBbind_DimeNet_L2_s42,0.5459299087524414,1.7401760789416758,1.3907356262207031,105.07100057601929,0.0013322830200195312,879105,80,0
PDBbind_DimeNet_L2_s123,0.5381503105163574,1.4987081686995496,1.2450017929077148,62.95599865913391,0.0013329188028971355,879105,48,1
PDBbind_DimeNet_L2_s456,0.5371944904327393,1.6254347439741574,1.282165765762329,105.57999920845032,0.0013332366943359375,879105,80,0
PDBbind_DimeNet_L2_s789,0.5229361653327942,1.717789676452876,1.4243428707122803,88.21600127220154,0.002665837605794271,879105,67,1
PDBbind_DimeNet_L2_s1024,0.35269105434417725,1.9901472227950996,1.5070620775222778,73.62500071525574,0.002667109171549479,879105,56,1
PDBbind_DimeNet_L2_s2048,0.6070973873138428,1.5076903456782955,1.1888893842697144,104.82199835777283,0.0026667912801106772,879105,80,0
PDBbind_DimeNet_L2_s3141,0.2788739800453186,1.5747599464219872,1.2382878065109253,58.50699806213379,0.002667109171549479,879105,44,1
PDBbind_DimeNet_L2_s9999,0.6464819312095642,1.6872317489471182,1.4165656566619873,96.79499983787537,0.002667109171549479,879105,74,1
PDBbind_DimeNet_L2_s7777,0.298798531293869,1.8678258977661286,1.4661258459091187,105.38799810409546,0.001331329345703125,879105,80,0
PDBbind_DimeNet_L2_s5555,0.5928952097892761,1.4304694033526977,1.1348166465759277,89.31599831581116,0.0026683807373046875,879105,68,1
PDBbind_DimeNet_L2_s1111,0.42478856444358826,1.8859449738841914,1.5143017768859863,104.6220006942749,0.0013335545857747395,879105,80,0
PDBbind_DimeNet_L2_s2222,0.5812401175498962,1.5450793546525246,1.3068733215332031,105.08410930633545,0.0013335545857747395,879105,80,0
PDBbind_DimeNet_L2_s3333,0.5225458741188049,1.8087070503750844,1.4615265130996704,70.58699989318848,0.0013329188028971355,879105,54,1
PDBbind_DimeNet_L2_s4444,0.4663359522819519,2.017407479321436,1.6523247957229614,51.280999422073364,0.001331647237141927,879105,39,1
PDBbind_DimeNet_L2_s6666,0.5581443905830383,1.665676426764574,1.3705259561538696,105.15199995040894,0.002669652303059896,879105,80,0
PDBbind_DimeNet_L2_s8888,0.404141902923584,1.7514464667456595,1.4197977781295776,105.96000123023987,0.0026686986287434897,879105,80,0
PDBbind_DimeNet_L2_s314,0.5702714323997498,1.3164148075719855,1.0685789585113525,104.87500023841858,0.0013326009114583333,879105,80,0
PDBbind_DimeNet_L2_s271,0.4902989864349365,1.8144862374198745,1.4322400093078613,105.6999990940094,0.0013319651285807292,879105,80,0
PDBbind_DimeNet_L2_s1618,0.5530300736427307,1.6371272267028434,1.2611531019210815,104.26199960708618,0.001331647237141927,879105,80,0
PDBbind_DimeNet_L2_s1729,0.56900954246521,1.543727330956448,1.2259135246276855,105.22600150108337,0.002666473388671875,879105,80,0
PDBbind_Uni-Mol_L2_s42,0.4574691951274872,1.839029962321518,1.4991569519042969,62.620970726013184,0.0026674270629882812,3200905,66,1
PDBbind_Uni-Mol_L2_s123,0.5600107312202454,1.5087083912242174,1.278194785118103,73.22900080680847,0.0026639302571614585,3200905,80,1
PDBbind_Uni-Mol_L2_s456,0.5412797927856445,1.6367435134798785,1.3694514036178589,51.94100284576416,0.002666473388671875,3200905,55,1
PDBbind_Uni-Mol_L2_s789,0.49880754947662354,1.7852682333115144,1.409083366394043,68.88499617576599,0.0013326009114583333,3200905,74,1
PDBbind_Uni-Mol_L2_s1024,0.3489961326122284,1.9940710999028834,1.5018724203109741,46.64700269699097,0.0013335545857747395,3200905,50,1
PDBbind_Uni-Mol_L2_s2048,0.639141321182251,1.4546036938907165,1.1456258296966553,60.98900294303894,0.0013329188028971355,3200905,67,1
PDBbind_Uni-Mol_L2_s3141,0.3460899293422699,1.5169672577303708,1.185569405555725,28.26700234413147,0.0026655197143554688,3200905,30,1
PDBbind_Uni-Mol_L2_s9999,0.6620044708251953,1.6251706987370802,1.4120999574661255,27.308998346328735,0.00133514404296875,3200905,30,1
PDBbind_Uni-Mol_L2_s7777,0.32258787751197815,1.9372032307409033,1.4768034219741821,53.304004430770874,0.0013332366943359375,3200905,57,1
PDBbind_Uni-Mol_L2_s5555,0.504729688167572,1.5196472751283614,1.2005168199539185,33.58099961280823,0.0013332366943359375,3200905,37,1
PDBbind_Uni-Mol_L2_s1111,0.42390233278274536,1.9087398090602623,1.544063687324524,50.81499934196472,0.0013338724772135417,3200905,54,1
PDBbind_Uni-Mol_L2_s2222,0.5862907767295837,1.5390104488342806,1.276409387588501,46.16100478172302,0.0013329188028971355,3200905,50,1
PDBbind_Uni-Mol_L2_s3333,0.5765904784202576,1.7285601076770982,1.3898749351501465,44.7279999256134,0.0026680628458658853,3200905,48,1
PDBbind_Uni-Mol_L2_s4444,0.47656410932540894,2.0164199562597176,1.6226578950881958,27.463000297546387,0.0026652018229166665,3200905,30,1
PDBbind_Uni-Mol_L2_s6666,0.529744029045105,1.7018638631209024,1.3520537614822388,43.96899676322937,0.0026645660400390625,3200905,47,1
PDBbind_Uni-Mol_L2_s8888,0.3672703802585602,1.8484782352296047,1.4438514709472656,74.40100026130676,0.0013332366943359375,3200905,80,0
PDBbind_Uni-Mol_L2_s314,0.5718198418617249,1.3656404297958675,1.0585861206054688,40.206997871398926,0.0026639302571614585,3200905,43,1
PDBbind_Uni-Mol_L2_s271,0.47807300090789795,1.8476361844221285,1.4421508312225342,53.35499811172485,0.0026642481486002603,3200905,57,1
PDBbind_Uni-Mol_L2_s1618,0.4864138960838318,1.734902585177843,1.3500655889511108,46.83099865913391,0.0013332366943359375,3200905,50,1
PDBbind_Uni-Mol_L2_s1729,0.5182638168334961,1.6710241416497604,1.3698174953460693,37.515997648239136,0.0013332366943359375,3200905,40,1
PDBbind_AttentiveFP_L2_s42,0.5050226449966431,1.7677029560331772,1.4173774719238281,165.45599913597107,0.0026674270629882812,3158791,80,0
PDBbind_AttentiveFP_L2_s123,0.5780940055847168,1.461681319409432,1.2241054773330688,165.0589997768402,0.0026667912801106772,3158791,80,0
PDBbind_AttentiveFP_L2_s456,0.5072873830795288,1.6954149487738985,1.3472508192062378,134.66099882125854,0.0013332366943359375,3158791,65,1
PDBbind_AttentiveFP_L2_s789,0.5308148264884949,1.6699284425126704,1.411686658859253,165.54399967193604,0.0013319651285807292,3158791,80,0
PDBbind_AttentiveFP_L2_s1024,0.36547383666038513,1.9222171137796387,1.4424521923065186,142.20299983024597,0.002666473388671875,3158791,69,1
PDBbind_AttentiveFP_L2_s2048,0.5492287278175354,1.5676383407362144,1.1939018964767456,119.12099933624268,0.0026652018229166665,3158791,58,1
PDBbind_AttentiveFP_L2_s3141,0.3329608142375946,1.5276394530975816,1.1897841691970825,141.43100094795227,0.0013326009114583333,3158791,68,1
PDBbind_AttentiveFP_L2_s9999,0.6136828660964966,1.6737636700642444,1.4182548522949219,137.99299907684326,0.0026648839314778647,3158791,67,1
PDBbind_AttentiveFP_L2_s7777,0.30327659845352173,1.794767121958782,1.3910776376724243,66.04599714279175,0.001331011454264323,3158791,32,1
PDBbind_AttentiveFP_L2_s5555,0.5319041013717651,1.4894229384634077,1.1812100410461426,126.18699812889099,0.001331647237141927,3158791,61,1
PDBbind_AttentiveFP_L2_s1111,0.4382726848125458,1.8802861402761484,1.5206000804901123,163.8820025920868,0.0013335545857747395,3158791,80,0
PDBbind_AttentiveFP_L2_s2222,0.6278511881828308,1.4855883006504667,1.2451611757278442,165.03199768066406,0.0013332366943359375,3158791,80,0
PDBbind_AttentiveFP_L2_s3333,0.4282847046852112,1.9612393697787296,1.5706676244735718,61.52499985694885,0.001331329345703125,3158791,30,1
PDBbind_AttentiveFP_L2_s4444,0.547478973865509,1.9075654915782143,1.5476428270339966,154.7760317325592,0.002666473388671875,3158791,75,1
PDBbind_AttentiveFP_L2_s6666,0.5827214121818542,1.619971123308497,1.3204584121704102,164.93499422073364,0.002665837605794271,3158791,80,0
PDBbind_AttentiveFP_L2_s8888,0.3490908741950989,1.7824257433646797,1.4521008729934692,166.26599788665771,0.0013345082600911458,3158791,80,0
PDBbind_AttentiveFP_L2_s314,0.5636847615242004,1.3211371650983903,1.0363755226135254,164.6909999847412,0.0026642481486002603,3158791,80,0
PDBbind_AttentiveFP_L2_s271,0.5069653391838074,1.8050716371136921,1.406618356704712,149.29599928855896,0.0013335545857747395,3158791,72,1
PDBbind_AttentiveFP_L2_s1618,0.5732707977294922,1.6131293938867735,1.275301456451416,163.9399995803833,0.0026718775431315103,3158791,80,0
PDBbind_AttentiveFP_L2_s1729,0.5841611623764038,1.5192521728931963,1.1883440017700195,165.62799739837646,0.0013326009114583333,3158791,80,0
PDBbind_PharmaJEGNN_L3_s42,0.5306928753852844,1.7425793946840251,1.4041814804077148,744.236257314682,0.0013322830200195312,4221697,80,0
PDBbind_PharmaJEGNN_L3_s123,0.5987727642059326,1.4324338622745028,1.2224981784820557,537.9023396968842,0.001331011454264323,4221697,80,0
PDBbind_PharmaJEGNN_L3_s456,0.6018750071525574,1.5309215115461572,1.2096291780471802,3210.0426590442657,0.0013335545857747395,4221697,80,0
PDBbind_PharmaJEGNN_L3_s789,0.5814346075057983,1.6526118933441643,1.318448543548584,963.792727470398,0.0026661554972330728,4221697,80,0
PDBbind_PharmaJEGNN_L3_s1024,0.38398486375808716,1.909744062202492,1.4470690488815308,2548.197011232376,0.0040130615234375,4221697,80,0
PDBbind_PharmaJEGNN_L3_s2048,0.6221733093261719,1.4734565321015745,1.1925219297409058,1408.5594277381897,0.001331329345703125,4221697,80,0
PDBbind_PharmaJEGNN_L3_s3141,0.30505692958831787,1.5850111788286285,1.2606837749481201,1732.3124685287476,0.0013329188028971355,4221697,47,1
PDBbind_PharmaJEGNN_L3_s9999,0.6585770845413208,1.6781769103362925,1.400295376777649,1630.4867758750916,0.001331329345703125,4221697,53,1
PDBbind_PharmaJEGNN_L3_s7777,0.36846140027046204,1.8276097150189148,1.414441466331482,1820.0428586006165,0.0040009816487630205,4221697,80,0
PDBbind_PharmaJEGNN_L3_s5555,0.46710342168807983,1.5956324511487399,1.2674994468688965,307.00652503967285,0.0026690165201822915,4221697,32,1
PDBbind_PharmaJEGNN_L3_s1111,0.4853785037994385,1.820227821574396,1.423218846321106,1386.9327592849731,0.0013322830200195312,4221697,80,0
PDBbind_PharmaJEGNN_L3_s2222,0.600243330001831,1.5769753375885587,1.2935045957565308,2623.62957572937,0.002665837605794271,4221697,80,0
PDBbind_PharmaJEGNN_L3_s3333,0.5738928914070129,1.7182275845128276,1.3935117721557617,1597.1467716693878,0.0013319651285807292,4221697,80,0
PDBbind_PharmaJEGNN_L3_s4444,0.49286413192749023,1.9907734957751253,1.618039608001709,649.8051135540009,0.004010518391927083,4221697,46,1
PDBbind_PharmaJEGNN_L3_s6666,0.5065455436706543,1.7361887477893754,1.3963371515274048,373.81485390663147,0.0013306935628255208,4221697,80,0
PDBbind_PharmaJEGNN_L3_s8888,0.4277642071247101,1.7452934871993797,1.4070943593978882,1613.9827744960785,0.004003206888834636,4221697,80,0
PDBbind_PharmaJEGNN_L3_s314,0.5887002944946289,1.312310250507957,1.057822585105896,390.69361662864685,0.0013284683227539062,4221697,72,1
PDBbind_PharmaJEGNN_L3_s271,0.5305281281471252,1.7646628940245555,1.342531442642212,286.2433156967163,0.001331647237141927,4221697,59,1
PDBbind_PharmaJEGNN_L3_s1618,0.5967690348625183,1.5713885971038195,1.1869094371795654,2115.0067298412323,0.001331329345703125,4221697,80,0
PDBbind_PharmaJEGNN_L3_s1729,0.5829443335533142,1.5547391796628027,1.2393524646759033,1266.9549186229706,0.0013319651285807292,4221697,65,1
PDBbind_SchNet_L3_s42,0.4668964147567749,1.8186095953686214,1.481394648551941,112.0023684501648,0.0013259251912434895,1643265,45,1
PDBbind_SchNet_L3_s123,0.5384087562561035,1.505234565198295,1.2311396598815918,125.73893117904663,0.001331329345703125,1643265,67,1
PDBbind_SchNet_L3_s456,0.530307412147522,1.6780932290250392,1.305529236793518,113.06799864768982,0.0026715596516927085,1643265,67,1
PDBbind_SchNet_L3_s789,0.5747560262680054,1.6800572188033862,1.3979383707046509,87.4349992275238,0.0026718775431315103,1643265,54,1
PDBbind_SchNet_L3_s1024,0.3788515031337738,1.9439991266970773,1.4852970838546753,80.75509643554688,0.001331011454264323,1643265,50,1
PDBbind_SchNet_L3_s2048,0.5469614863395691,1.5965748603776897,1.2185968160629272,76.97499966621399,0.0013329188028971355,1643265,48,1
PDBbind_SchNet_L3_s3141,0.32118743658065796,1.609166770723018,1.231852412223816,87.04500079154968,0.0026661554972330728,1643265,52,1
PDBbind_SchNet_L3_s9999,0.6367311477661133,1.6933715538282126,1.4465404748916626,58.131000995635986,0.0026680628458658853,1643265,32,1
PDBbind_SchNet_L3_s7777,0.365334153175354,1.7836211634771177,1.3629553318023682,325.3160960674286,0.0026686986287434897,1643265,80,0
PDBbind_SchNet_L3_s5555,0.5693755149841309,1.4915814192439394,1.2034004926681519,89.74796485900879,0.0026744206746419272,1643265,48,1
PDBbind_SchNet_L3_s1111,0.47557637095451355,1.8279415592851942,1.4868967533111572,131.3919985294342,0.0013319651285807292,1643265,80,0
PDBbind_SchNet_L3_s2222,0.6202666759490967,1.499615461014692,1.2883036136627197,129.33599972724915,0.0026667912801106772,1643265,80,0
PDBbind_SchNet_L3_s3333,0.5558175444602966,1.7573366326362383,1.4007148742675781,72.30900001525879,0.0026686986287434897,1643265,45,1
PDBbind_SchNet_L3_s4444,0.5116578936576843,1.965435568410162,1.5859031677246094,109.95442199707031,0.0013332366943359375,1643265,66,1
PDBbind_SchNet_L3_s6666,0.5958902835845947,1.5869501197826674,1.2487467527389526,137.80202078819275,0.0013306935628255208,1643265,78,1
PDBbind_SchNet_L3_s8888,0.39870351552963257,1.7488518081707605,1.456673264503479,99.73699975013733,0.0013332366943359375,1643265,61,1
PDBbind_SchNet_L3_s314,0.5764176845550537,1.3357613430666062,1.0579556226730347,63.25499963760376,0.0026652018229166665,1643265,39,1
PDBbind_SchNet_L3_s271,0.44827139377593994,1.8932036162431531,1.4951014518737793,433.7986993789673,0.0026661554972330728,1643265,53,1
PDBbind_SchNet_L3_s1618,0.46058639883995056,1.7741876435671007,1.3962469100952148,51.63300013542175,0.001331329345703125,1643265,31,1
PDBbind_SchNet_L3_s1729,0.6350405812263489,1.4527954220029566,1.141268253326416,147.72399950027466,0.0013332366943359375,1643265,80,0
PDBbind_DimeNet_L3_s42,0.5307631492614746,1.7598461678857593,1.4080860614776611,102.33299851417542,0.001334826151529948,879105,80,0
PDBbind_DimeNet_L3_s123,0.5324134826660156,1.5134627659240583,1.2591060400009155,53.63400053977966,0.0013326009114583333,879105,42,1
PDBbind_DimeNet_L3_s456,0.5314359068870544,1.6550822189744991,1.320123553276062,99.39300084114075,0.002665837605794271,879105,78,1
PDBbind_DimeNet_L3_s789,0.5267726182937622,1.7181810304255511,1.427702784538269,86.85699772834778,0.002666473388671875,879105,68,1
PDBbind_DimeNet_L3_s1024,0.37195056676864624,1.9049963659216793,1.451422095298767,101.50399827957153,0.0013326009114583333,879105,80,0
PDBbind_DimeNet_L3_s2048,0.5886781215667725,1.5384015053260172,1.2041666507720947,101.55300164222717,0.0013345082600911458,879105,80,0
PDBbind_DimeNet_L3_s3141,0.2644289433956146,1.5937363119098542,1.2580578327178955,50.02999830245972,0.002667109171549479,879105,39,1
PDBbind_DimeNet_L3_s9999,0.646806538105011,1.6592843672144775,1.3879884481430054,101.92000007629395,0.0026655197143554688,879105,80,0
PDBbind_DimeNet_L3_s7777,0.29544687271118164,1.8699996393376783,1.4641772508621216,102.11500000953674,0.0013332366943359375,879105,80,0
PDBbind_DimeNet_L3_s5555,0.6243112683296204,1.3840873574431845,1.0879426002502441,102.05500054359436,0.002669652303059896,879105,80,0
PDBbind_DimeNet_L3_s1111,0.4325264096260071,1.8809065926746127,1.5104539394378662,101.44216847419739,0.0013335545857747395,879105,80,0
PDBbind_DimeNet_L3_s2222,0.5800453424453735,1.545523698682452,1.3087975978851318,101.80900144577026,0.0026677449544270835,879105,80,0
PDBbind_DimeNet_L3_s3333,0.5239827632904053,1.8211610968994438,1.467848300933838,69.76599979400635,0.0026690165201822915,879105,55,1
PDBbind_DimeNet_L3_s4444,0.47823354601860046,2.010237598515193,1.6366698741912842,56.24300026893616,0.0013332366943359375,879105,44,1
PDBbind_DimeNet_L3_s6666,0.5701006054878235,1.6455280246115849,1.3475439548492432,101.94999980926514,0.0026677449544270835,879105,80,0
PDBbind_DimeNet_L3_s8888,0.3428354859352112,1.7948036528497247,1.4749335050582886,66.83800029754639,0.0013329188028971355,879105,52,1
PDBbind_DimeNet_L3_s314,0.5644941329956055,1.3269501370229873,1.0717952251434326,102.06499981880188,0.002666473388671875,879105,80,0
PDBbind_DimeNet_L3_s271,0.4796716272830963,1.8226997537077074,1.4408620595932007,102.64209866523743,0.0026686986287434897,879105,80,0
PDBbind_DimeNet_L3_s1618,0.5536003112792969,1.637895329634908,1.258518099784851,101.26999878883362,0.0026642481486002603,879105,80,0
PDBbind_DimeNet_L3_s1729,0.5642586946487427,1.5478387777961762,1.2231553792953491,102.22900605201721,0.0013338724772135417,879105,80,0
PDBbind_Uni-Mol_L3_s42,0.43102747201919556,1.8766477338379053,1.5331584215164185,62.117998361587524,0.0026648839314778647,3200905,66,1
PDBbind_Uni-Mol_L3_s123,0.5599726438522339,1.4966036970801226,1.268457293510437,54.16000008583069,0.0013329188028971355,3200905,59,1
PDBbind_Uni-Mol_L3_s456,0.5289029479026794,1.683439172432697,1.406221866607666,62.85800528526306,0.0013338724772135417,3200905,67,1
PDBbind_Uni-Mol_L3_s789,0.48065057396888733,1.7927270531069497,1.4426555633544922,48.20500087738037,0.0026655197143554688,3200905,52,1
PDBbind_Uni-Mol_L3_s1024,0.33707040548324585,2.057960253532815,1.5461580753326416,42.79899787902832,0.0013335545857747395,3200905,46,1
PDBbind_Uni-Mol_L3_s2048,0.6345090866088867,1.450573146933688,1.1499894857406616,56.07100033760071,0.002665837605794271,3200905,62,1
PDBbind_Uni-Mol_L3_s3141,0.34814324975013733,1.5284199935044651,1.1953284740447998,28.064998865127563,0.002669652303059896,3200905,30,1
PDBbind_Uni-Mol_L3_s9999,0.6823759078979492,1.5930219745209928,1.3821853399276733,60.91899871826172,0.002666473388671875,3200905,67,1
PDBbind_Uni-Mol_L3_s7777,0.3314867913722992,1.9198754305960446,1.470197319984436,53.07599949836731,0.0026661554972330728,3200905,57,1
PDBbind_Uni-Mol_L3_s5555,0.5217109322547913,1.5033184537693947,1.191715955734253,40.819005250930786,0.0013319651285807292,3200905,45,1
PDBbind_Uni-Mol_L3_s1111,0.4361351728439331,1.8984438421198397,1.539377212524414,66.75,0.0013335545857747395,3200905,72,1
PDBbind_Uni-Mol_L3_s2222,0.5841109752655029,1.5501748540142781,1.295225977897644,41.43599796295166,0.0013329188028971355,3200905,45,1
PDBbind_Uni-Mol_L3_s3333,0.534718930721283,1.7852869966736282,1.4420607089996338,34.53999948501587,0.001335461934407552,3200905,37,1
PDBbind_Uni-Mol_L3_s4444,0.4743577539920807,2.0210939481814023,1.6036124229431152,27.352999925613403,0.0013335545857747395,3200905,30,1
PDBbind_Uni-Mol_L3_s6666,0.5576210021972656,1.6616197306369298,1.3093150854110718,51.921000480651855,0.0026661554972330728,3200905,56,1
PDBbind_Uni-Mol_L3_s8888,0.3627452850341797,1.8838887917484124,1.4858242273330688,74.20500016212463,0.0013306935628255208,3200905,80,0
PDBbind_Uni-Mol_L3_s314,0.5591214299201965,1.3650019151723094,1.0927715301513672,65.13399934768677,0.0013332366943359375,3200905,70,1
PDBbind_Uni-Mol_L3_s271,0.4583876132965088,1.8843614846625796,1.4595927000045776,51.454999685287476,0.0013335545857747395,3200905,55,1
PDBbind_Uni-Mol_L3_s1618,0.5028046369552612,1.7693143126369197,1.3583146333694458,50.47599720954895,0.0013329188028971355,3200905,54,1
PDBbind_Uni-Mol_L3_s1729,0.5179969668388367,1.632461802224121,1.30255925655365,39.34699845314026,0.0013335545857747395,3200905,42,1
PDBbind_AttentiveFP_L3_s42,0.5063397884368896,1.765379762075487,1.4170633554458618,160.73599982261658,0.001331011454264323,3158791,80,0
PDBbind_AttentiveFP_L3_s123,0.5635749697685242,1.4733769199057525,1.2240222692489624,160.2470006942749,0.0013326009114583333,3158791,80,0
PDBbind_AttentiveFP_L3_s456,0.522025465965271,1.6483971468790861,1.3030058145523071,154.61499762535095,0.0013341903686523438,3158791,77,1
PDBbind_AttentiveFP_L3_s789,0.530120849609375,1.6783091722862482,1.4208228588104248,160.22999906539917,0.001334826151529948,3158791,80,0
PDBbind_AttentiveFP_L3_s1024,0.336005836725235,1.9649062402696311,1.4649971723556519,110.09099984169006,0.0026667912801106772,3158791,55,1
PDBbind_AttentiveFP_L3_s2048,0.48352012038230896,1.6408268395652674,1.235724925994873,81.61600399017334,0.0026683807373046875,3158791,41,1
PDBbind_AttentiveFP_L3_s3141,0.34566324949264526,1.5277711704380998,1.1861871480941772,135.39499974250793,0.002666473388671875,3158791,67,1
PDBbind_AttentiveFP_L3_s9999,0.6358298659324646,1.6142221436480109,1.378605842590332,159.75099968910217,0.0026690165201822915,3158791,80,0
PDBbind_AttentiveFP_L3_s7777,0.35035285353660583,1.8234700988627517,1.4707707166671753,160.48199796676636,0.0013332366943359375,3158791,80,0
PDBbind_AttentiveFP_L3_s5555,0.5165096521377563,1.5105004736790046,1.193696141242981,90.21999859809875,0.0026683807373046875,3158791,45,1
PDBbind_AttentiveFP_L3_s1111,0.4529808461666107,1.8610659691885596,1.5153768062591553,159.1890013217926,0.0013332366943359375,3158791,80,0
PDBbind_AttentiveFP_L3_s2222,0.6269583106040955,1.484805636931892,1.2466161251068115,160.11199951171875,0.0013319651285807292,3158791,80,0
PDBbind_AttentiveFP_L3_s3333,0.5582384467124939,1.7430405516905356,1.3961819410324097,158.82399988174438,0.0026661554972330728,3158791,80,0
PDBbind_AttentiveFP_L3_s4444,0.5065817832946777,1.9779417028370117,1.6233819723129272,94.04000115394592,0.0026645660400390625,3158791,47,1
PDBbind_AttentiveFP_L3_s6666,0.5834911465644836,1.6133597218638405,1.320094347000122,160.26599955558777,0.0013322830200195312,3158791,80,0
PDBbind_AttentiveFP_L3_s8888,0.34824225306510925,1.7770398896762933,1.4347137212753296,161.18399834632874,0.0013335545857747395,3158791,80,0
PDBbind_AttentiveFP_L3_s314,0.572157084941864,1.3136695918512256,1.0259146690368652,159.89217972755432,0.0013332366943359375,3158791,80,0
PDBbind_AttentiveFP_L3_s271,0.3906305432319641,1.925004102033728,1.5363056659698486,80.57499814033508,0.002666473388671875,3158791,40,1
PDBbind_AttentiveFP_L3_s1618,0.5597898364067078,1.6373173386127007,1.2878797054290771,158.86799788475037,0.0026690165201822915,3158791,80,0
PDBbind_AttentiveFP_L3_s1729,0.5775797963142395,1.5346530545827168,1.2050570249557495,160.80599975585938,0.0013319651285807292,3158791,80,0
PDBbind_PharmaJEGNN_L4_s42,0.5488467216491699,1.7133199747408385,1.410312294960022,5479.544123649597,0.002665837605794271,4221697,80,0
PDBbind_PharmaJEGNN_L4_s123,0.5653180480003357,1.4798843720090438,1.2668325901031494,4296.720851659775,0.002665837605794271,4221697,80,0
PDBbind_PharmaJEGNN_L4_s456,0.5888471007347107,1.544296350209343,1.233066439628601,6967.276427745819,0.0013306935628255208,4221697,80,0
PDBbind_PharmaJEGNN_L4_s789,0.5607888698577881,1.6350632627887929,1.3170503377914429,4320.370504140854,0.0020157496134440103,4221697,80,0
PDBbind_PharmaJEGNN_L4_s1024,0.3964860141277313,1.9126846648178626,1.4406546354293823,7058.557667732239,0.0020052591959635415,4221697,80,0
PDBbind_PharmaJEGNN_L4_s2048,0.4516634941101074,1.7028702011595218,1.3231513500213623,1467.4165661334991,0.0013322830200195312,4221697,30,1
PDBbind_PharmaJEGNN_L4_s3141,0.2953583002090454,1.5805022963519553,1.2516900300979614,2517.8212702274323,0.0026721954345703125,4221697,42,1
PDBbind_PharmaJEGNN_L4_s9999,0.6835392117500305,1.5967379964744923,1.3399183750152588,3676.878531217575,0.0013332366943359375,4221697,77,1
PDBbind_PharmaJEGNN_L4_s7777,0.38556018471717834,1.8039181212856121,1.3960894346237183,4928.625026226044,0.0013332366943359375,4221697,80,0
PDBbind_PharmaJEGNN_L4_s5555,0.46974503993988037,1.566864251129202,1.2378343343734741,2408.9772465229034,0.0013332366943359375,4221697,32,1
PDBbind_PharmaJEGNN_L4_s1111,0.4589141011238098,1.8506734782023957,1.4759968519210815,6487.9277238845825,0.002665837605794271,4221697,80,0
PDBbind_PharmaJEGNN_L4_s2222,0.5850130915641785,1.5723748779248305,1.301275372505188,4714.834220409393,0.0013338724772135417,4221697,80,0
PDBbind_PharmaJEGNN_L4_s3333,0.536024808883667,1.790504174541602,1.4592353105545044,3058.235803604126,0.002667109171549479,4221697,44,1
PDBbind_PharmaJEGNN_L4_s4444,0.49228566884994507,1.987772758529199,1.6156491041183472,2280.204523086548,0.0013332366943359375,4221697,45,1
PDBbind_PharmaJEGNN_L4_s6666,0.5268263220787048,1.7166482733077526,1.38845694065094,9192.696588993073,0.0013338724772135417,4221697,80,0
PDBbind_PharmaJEGNN_L4_s8888,0.41521281003952026,1.777899284316561,1.4455050230026245,8674.526154518127,0.0013335545857747395,4221697,80,0
PDBbind_PharmaJEGNN_L4_s314,0.6036722660064697,1.2876378828122108,1.031785249710083,4052.2429614067078,0.0013341903686523438,4221697,80,1
PDBbind_PharmaJEGNN_L4_s271,0.5458387136459351,1.737285200055825,1.3150310516357422,8036.1496489048,0.0026661554972330728,4221697,67,1
PDBbind_PharmaJEGNN_L4_s1618,0.583990216255188,1.5949952739537934,1.2017028331756592,4937.246040344238,0.0013329188028971355,4221697,80,0
PDBbind_PharmaJEGNN_L4_s1729,0.5685575008392334,1.5474199818520458,1.2571985721588135,4766.5301425457,0.0039997100830078125,4221697,75,1
PDBbind_SchNet_L4_s42,0.5114244818687439,1.760484216360916,1.4375592470169067,1773.9029605388641,0.0013341903686523438,1643265,67,1
PDBbind_SchNet_L4_s123,0.5196136832237244,1.5201297944266754,1.250423550605774,450.6225588321686,0.0013322830200195312,1643265,61,1
PDBbind_SchNet_L4_s456,0.5630907416343689,1.6763941215441196,1.3840824365615845,207.34595942497253,0.002667109171549479,1643265,30,1
PDBbind_SchNet_L4_s789,0.5215433239936829,1.6935074861336812,1.4230214357376099,486.0472593307495,0.0013329188028971355,1643265,80,0
PDBbind_SchNet_L4_s1024,0.394735723733902,1.9254778454698942,1.4765418767929077,245.49395656585693,0.0013329188028971355,1643265,30,1
PDBbind_SchNet_L4_s2048,0.5607499480247498,1.561342039182277,1.181643009185791,493.49141240119934,0.0013332366943359375,1643265,70,1
PDBbind_SchNet_L4_s3141,0.36759787797927856,1.5067014405505263,1.1740401983261108,510.5453038215637,0.001331329345703125,1643265,51,1
PDBbind_SchNet_L4_s9999,0.7047438025474548,1.6775030080936029,1.4075127840042114,1107.790446281433,0.0013335545857747395,1643265,80,0
PDBbind_SchNet_L4_s7777,0.3365054428577423,1.7963555953618406,1.3876457214355469,750.8269236087799,0.0013335545857747395,1643265,80,0
PDBbind_SchNet_L4_s5555,0.42058825492858887,1.6684345961690334,1.2993992567062378,347.588809967041,0.0013332366943359375,1643265,47,1
PDBbind_SchNet_L4_s1111,0.4559609591960907,1.8488673944451592,1.4687378406524658,1608.7778825759888,0.0013329188028971355,1643265,80,0
PDBbind_SchNet_L4_s2222,0.526299774646759,1.611282625422948,1.3730846643447876,297.04299688339233,0.002667109171549479,1643265,55,1
PDBbind_SchNet_L4_s3333,0.5301311612129211,1.7846282244847764,1.4535819292068481,245.86373686790466,0.0026667912801106772,1643265,44,1
PDBbind_SchNet_L4_s4444,0.47656455636024475,1.9999477856495922,1.5764347314834595,188.49415707588196,0.0013319651285807292,1643265,30,1
PDBbind_SchNet_L4_s6666,0.5384109616279602,1.671491275852451,1.3168339729309082,997.4949193000793,0.0026693344116210938,1643265,52,1
PDBbind_SchNet_L4_s8888,0.34753406047821045,1.8393624682555298,1.5867167711257935,239.6982066631317,0.0013341903686523438,1643265,42,1
PDBbind_SchNet_L4_s314,0.5140503644943237,1.3804872434939277,1.063139796257019,623.2940099239349,0.0013332366943359375,1643265,30,1
PDBbind_SchNet_L4_s271,0.4046575427055359,1.9279598888759653,1.5302250385284424,447.1502294540405,0.0026667912801106772,1643265,43,1
PDBbind_SchNet_L4_s1618,0.4772718548774719,1.797322159565926,1.4111838340759277,315.486665725708,0.0013345082600911458,1643265,45,1
PDBbind_SchNet_L4_s1729,0.5174812078475952,1.6026272839538185,1.2581514120101929,283.95359897613525,0.002667109171549479,1643265,37,1
PDBbind_DimeNet_L4_s42,0.4930315911769867,1.7828417575852664,1.4170173406600952,283.718998670578,0.0026715596516927085,879105,56,1
PDBbind_DimeNet_L4_s123,0.5145410895347595,1.5331960495706567,1.283876895904541,398.64899826049805,0.0013329188028971355,879105,80,0
PDBbind_DimeNet_L4_s456,0.5305625796318054,1.6468079815715384,1.3136051893234253,405.63400173187256,0.0026686986287434897,879105,80,1
PDBbind_DimeNet_L4_s789,0.4987048804759979,1.7203467148263651,1.445341944694519,381.04408144950867,0.0026677449544270835,879105,72,1
PDBbind_DimeNet_L4_s1024,0.35972926020622253,1.9356174552359038,1.463477611541748,321.92799949645996,0.0013335545857747395,879105,64,1
PDBbind_DimeNet_L4_s2048,0.5708003640174866,1.5497257666873887,1.2026309967041016,359.7609977722168,0.002667109171549479,879105,73,1
PDBbind_DimeNet_L4_s3141,0.2764575183391571,1.57132942332797,1.2351529598236084,183.95340871810913,0.002667109171549479,879105,36,1
PDBbind_DimeNet_L4_s9999,0.6765289902687073,1.620911369635271,1.363157868385315,414.9258146286011,0.0013332366943359375,879105,80,0
PDBbind_DimeNet_L4_s7777,0.3131091296672821,1.8525318553826597,1.4330682754516602,420.9019751548767,0.0013332366943359375,879105,80,0
PDBbind_DimeNet_L4_s5555,0.4641791582107544,1.5524978169596337,1.2118760347366333,172.77099776268005,0.0013326009114583333,879105,34,1
PDBbind_DimeNet_L4_s1111,0.4522189497947693,1.8525823689628793,1.47723388671875,401.9339997768402,0.001331329345703125,879105,80,0
PDBbind_DimeNet_L4_s2222,0.5918980240821838,1.5284064222946152,1.286757230758667,402.2839996814728,0.0013335545857747395,879105,80,0
PDBbind_DimeNet_L4_s3333,0.5052157640457153,1.8297501863577768,1.4812980890274048,176.1089997291565,0.0013332366943359375,879105,35,1
PDBbind_DimeNet_L4_s4444,0.4790497422218323,1.9969146294758198,1.606369972229004,215.8559114933014,0.0013306935628255208,879105,39,1
PDBbind_DimeNet_L4_s6666,0.5922197699546814,1.6232839473180918,1.3370774984359741,693.7530128955841,0.001331011454264323,879105,80,0
PDBbind_DimeNet_L4_s8888,0.35681989789009094,1.785688325148295,1.4729775190353394,319.20699977874756,0.001335461934407552,879105,63,1
PDBbind_DimeNet_L4_s314,0.5871561169624329,1.293215494727591,1.0296974182128906,410.04729557037354,0.0026677449544270835,879105,80,0
PDBbind_DimeNet_L4_s271,0.4848032295703888,1.8170050833698688,1.4084904193878174,407.1129996776581,0.0013329188028971355,879105,80,0
PDBbind_DimeNet_L4_s1618,0.523074209690094,1.670224096601241,1.289986491203308,399.02400255203247,0.0026677449544270835,879105,80,0
PDBbind_DimeNet_L4_s1729,0.5351952910423279,1.5884258874276962,1.2449638843536377,228.51300501823425,0.0013300577799479167,879105,40,1
PDBbind_Uni-Mol_L4_s42,0.4242801070213318,1.8611085648147598,1.5004013776779175,260.9528863430023,0.0013329188028971355,3200905,57,1
PDBbind_Uni-Mol_L4_s123,0.5485084056854248,1.4914610527444683,1.2733381986618042,286.10800075531006,0.0013329188028971355,3200905,63,1
PDBbind_Uni-Mol_L4_s456,0.4569900631904602,1.7314082021765078,1.4039709568023682,190.8359978199005,0.0013332366943359375,3200905,42,1
PDBbind_Uni-Mol_L4_s789,0.48641684651374817,1.7246749709929283,1.4056413173675537,286.1709973812103,0.0013303756713867188,3200905,63,1
PDBbind_Uni-Mol_L4_s1024,0.2917476296424866,2.06564946008648,1.5596511363983154,168.67099976539612,0.001331011454264323,3200905,37,1
PDBbind_Uni-Mol_L4_s2048,0.5698515772819519,1.5425571327201104,1.1821445226669312,181.8730001449585,0.0026680628458658853,3200905,40,1
PDBbind_Uni-Mol_L4_s3141,0.3463243246078491,1.4780742838185494,1.1635195016860962,138.9280014038086,0.001331329345703125,3200905,30,1
PDBbind_Uni-Mol_L4_s9999,0.6738315224647522,1.6148859868387864,1.4120934009552002,286.0629997253418,0.0013345082600911458,3200905,63,1
PDBbind_Uni-Mol_L4_s7777,0.36085063219070435,1.837957237082416,1.4032824039459229,264.1819996833801,0.0013329188028971355,3200905,58,1
PDBbind_Uni-Mol_L4_s5555,0.542478621006012,1.4791185165233518,1.17376708984375,228.60600018501282,0.0026645660400390625,3200905,50,1
PDBbind_Uni-Mol_L4_s1111,0.41262954473495483,1.917808510482639,1.5526823997497559,331.92535948753357,0.002666473388671875,3200905,73,1
PDBbind_Uni-Mol_L4_s2222,0.5643740892410278,1.5685255976817483,1.3056714534759521,200.00499820709229,0.0013332366943359375,3200905,44,1
PDBbind_Uni-Mol_L4_s3333,0.5495045781135559,1.7727209988062884,1.4260210990905762,189.62199687957764,0.0013357798258463542,3200905,42,1
PDBbind_Uni-Mol_L4_s4444,0.47078901529312134,2.009986027531431,1.612902283668518,136.4389991760254,0.001331329345703125,3200905,30,1
PDBbind_Uni-Mol_L4_s6666,0.5617826581001282,1.6726381930748984,1.3361632823944092,268.7269997596741,0.0013341903686523438,3200905,59,1
PDBbind_Uni-Mol_L4_s8888,0.38839608430862427,1.7449125864820567,1.367211103439331,366.73599886894226,0.0013338724772135417,3200905,80,0
PDBbind_Uni-Mol_L4_s314,0.5492815375328064,1.3767648121729867,1.065958857536316,182.03900170326233,0.001331329345703125,3200905,40,1
PDBbind_Uni-Mol_L4_s271,0.4344550669193268,1.8700084365817613,1.4754499197006226,224.265686750412,0.0013319651285807292,3200905,49,1
PDBbind_Uni-Mol_L4_s1618,0.48548051714897156,1.74671921419253,1.3561915159225464,190.66399884223938,0.0026661554972330728,3200905,42,1
PDBbind_Uni-Mol_L4_s1729,0.5185277462005615,1.6374991293169574,1.3555855751037598,182.66799783706665,0.0013329188028971355,3200905,40,1
PDBbind_AttentiveFP_L4_s42,0.525363564491272,1.7408989216507267,1.4070618152618408,496.54321932792664,0.0026699701944986978,3158791,80,0
PDBbind_AttentiveFP_L4_s123,0.5457457900047302,1.494900459114222,1.2341969013214111,1523.485812664032,0.0013332366943359375,3158791,80,0
PDBbind_AttentiveFP_L4_s456,0.43141961097717285,1.7480726527865385,1.3596532344818115,248.80815505981445,0.0013319651285807292,3158791,41,1
PDBbind_AttentiveFP_L4_s789,0.5184209942817688,1.7167438242834403,1.4559030532836914,494.5294358730316,0.002666473388671875,3158791,80,0
PDBbind_AttentiveFP_L4_s1024,0.3699898421764374,1.9020502071553083,1.4294531345367432,425.5980839729309,0.0026683807373046875,3158791,69,1
PDBbind_AttentiveFP_L4_s2048,0.6057689785957336,1.5126094904590646,1.1947575807571411,470.539998292923,0.0013322830200195312,3158791,80,0
PDBbind_AttentiveFP_L4_s3141,0.3472590148448944,1.5362016452662792,1.2029420137405396,343.24199962615967,0.0013332366943359375,3158791,57,1
PDBbind_AttentiveFP_L4_s9999,0.6487158536911011,1.616920264826626,1.3789236545562744,487.78239035606384,0.0013335545857747395,3158791,80,0
PDBbind_AttentiveFP_L4_s7777,0.33974236249923706,1.8428742866838166,1.4803956747055054,1004.0064742565155,0.0026702880859375,3158791,80,0
PDBbind_AttentiveFP_L4_s5555,0.5276415348052979,1.4895890864903605,1.171697735786438,325.3585431575775,0.001331329345703125,3158791,54,1
PDBbind_AttentiveFP_L4_s1111,0.45829927921295166,1.8484861675443458,1.4997862577438354,502.450923204422,0.0026652018229166665,3158791,80,0
PDBbind_AttentiveFP_L4_s2222,0.6245720386505127,1.4882327895397298,1.2489542961120605,473.05999875068665,0.0013303756713867188,3158791,80,0
PDBbind_AttentiveFP_L4_s3333,0.5520378351211548,1.7512804524008785,1.4050161838531494,472.1339991092682,0.0013326009114583333,3158791,80,0
PDBbind_AttentiveFP_L4_s4444,0.518854558467865,1.9512095710236563,1.579734444618225,358.4820008277893,0.0013326009114583333,3158791,59,1
PDBbind_AttentiveFP_L4_s6666,0.5774025917053223,1.6293190266162654,1.316066026687622,649.0744249820709,0.0013322830200195312,3158791,80,0
PDBbind_AttentiveFP_L4_s8888,0.33485573530197144,1.8036562793093955,1.4605785608291626,485.6295921802521,0.001331329345703125,3158791,80,0
PDBbind_AttentiveFP_L4_s314,0.5761356949806213,1.303996011376863,1.0185970067977905,704.8607349395752,0.0013329188028971355,3158791,80,0
PDBbind_AttentiveFP_L4_s271,0.5018446445465088,1.8057098135302143,1.406739354133606,487.6166605949402,0.001331647237141927,3158791,79,1
PDBbind_AttentiveFP_L4_s1618,0.5638337135314941,1.6220992681133957,1.2895969152450562,472.0782890319824,0.0013306935628255208,3158791,80,0
PDBbind_AttentiveFP_L4_s1729,0.5547307729721069,1.5577045858611138,1.226157307624817,480.478000164032,0.0026655197143554688,3158791,80,0
