key,pearson_r,mae,rmse,train_time,ms_per_mol,n_params,epochs_run,stopped_early,dataset,model,level_id,seed
QM9_D-MPNN_0_1024,0.7729718685150146,0.009276124648749828,0.01191045132808226,80.1619942188263,1.917061324723284,471041,46,1,QM9,D-MPNN,0,1024
QM9_D-MPNN_0_1111,0.846802294254303,0.008466891013085842,0.011226915880754137,99.43199920654297,1.9119942742225702,471041,57,1,QM9,D-MPNN,0,1111
QM9_D-MPNN_0_123,0.8358339071273804,0.009275409393012524,0.012347889856551643,121.43300175666809,1.964557058803717,471041,69,1,QM9,D-MPNN,0,123
QM9_D-MPNN_0_1618,0.8367151618003845,0.008168362081050873,0.010586164656692534,139.55800223350525,1.9025286163232416,471041,80,0,QM9,D-MPNN,0,1618
QM9_D-MPNN_0_1729,0.9257526397705078,0.008372053503990173,0.010712380399263761,140.6849992275238,1.8986636729659745,471041,80,0,QM9,D-MPNN,0,1729
QM9_D-MPNN_0_2048,0.8968142867088318,0.008727497421205044,0.011376953278488354,139.83899879455566,1.9184614119589174,471041,80,1,QM9,D-MPNN,0,2048
QM9_D-MPNN_0_2222,0.809756338596344,0.007918041199445724,0.010692657337158181,139.30699753761292,1.91359407417424,471041,80,0,QM9,D-MPNN,0,2222
QM9_D-MPNN_0_271,0.7996709942817688,0.007756968028843403,0.011561886140437898,139.42199850082397,1.9031269437941372,471041,80,0,QM9,D-MPNN,0,271
QM9_D-MPNN_0_314,0.8627660274505615,0.009181366302073002,0.013456996547767731,135.36300015449524,1.905927070578509,471041,77,1,QM9,D-MPNN,0,314
QM9_D-MPNN_0_3141,0.8338786363601685,0.008837253786623478,0.012298351479691922,139.33699679374695,1.93412887771111,471041,80,0,QM9,D-MPNN,0,3141
QM9_D-MPNN_0_3333,0.8397886753082275,0.008188691921532154,0.010765210183950515,139.74999809265137,1.9181297972914584,471041,80,0,QM9,D-MPNN,0,3333
QM9_D-MPNN_0_42,0.8539342284202576,0.009452677331864834,0.012597682378985786,140.5449981689453,1.9043624635553096,471041,80,0,QM9,D-MPNN,0,42
QM9_D-MPNN_0_4444,0.7801775932312012,0.012240358628332615,0.015469318942211941,89.58399939537048,1.9130608075236835,471041,51,1,QM9,D-MPNN,0,4444
QM9_D-MPNN_0_456,0.7650874853134155,0.00883845891803503,0.013431394143309332,140.99200081825256,1.9184786269279932,471041,80,0,QM9,D-MPNN,0,456
QM9_D-MPNN_0_5555,0.8452516794204712,0.009940805844962597,0.013735894832519323,110.82899570465088,1.9085958835498293,471041,63,1,QM9,D-MPNN,0,5555
QM9_D-MPNN_0_6666,0.7948771715164185,0.00916187185794115,0.012034822744758755,138.72599864006042,1.8953931308585856,471041,79,1,QM9,D-MPNN,0,6666
QM9_D-MPNN_0_7777,0.8318834900856018,0.00875890627503395,0.011073549069990666,140.54700016975403,1.9025268678037601,471041,80,0,QM9,D-MPNN,0,7777
QM9_D-MPNN_0_789,0.8053844571113586,0.009674238041043282,0.012924161683528867,68.40925860404968,1.899791038849408,471041,39,1,QM9,D-MPNN,0,789
QM9_D-MPNN_0_8888,0.8484064936637878,0.008286957629024982,0.01128757382637192,141.30699825286865,1.9037337277410697,471041,80,0,QM9,D-MPNN,0,8888
QM9_D-MPNN_0_9999,0.8744481801986694,0.008829817175865173,0.011609309621983971,141.14399909973145,1.9101657679227362,471041,80,0,QM9,D-MPNN,0,9999
QM9_D-MPNN_1_1024,0.7675901651382446,0.00927305594086647,0.011955110297014099,80.04798603057861,1.9050060935764044,471041,46,1,QM9,D-MPNN,1,1024
QM9_D-MPNN_1_1111,0.8663845062255859,0.007901051081717014,0.010433550938491114,139.45199966430664,1.9036623404593347,471041,80,0,QM9,D-MPNN,1,1111
QM9_D-MPNN_1_123,0.8423161506652832,0.009112302213907242,0.012137460345100099,120.8379921913147,1.9142592904631142,471041,69,1,QM9,D-MPNN,1,123
QM9_D-MPNN_1_1618,0.8336037397384644,0.00826187152415514,0.010684200260714092,138.9979989528656,1.9065269876125694,471041,80,0,QM9,D-MPNN,1,1618
QM9_D-MPNN_1_1729,0.9255897998809814,0.008450805209577084,0.010840904190950124,138.52299618721008,1.9040599219981365,471041,80,0,QM9,D-MPNN,1,1729
QM9_D-MPNN_1_2048,0.8991949558258057,0.008956324309110641,0.011504895488727821,138.68398475646973,1.9159958087425961,471041,80,0,QM9,D-MPNN,1,2048
QM9_D-MPNN_1_2222,0.8053142428398132,0.008105575107038021,0.010832031545078454,130.7809977531433,1.900726703415156,471041,75,1,QM9,D-MPNN,1,2222
QM9_D-MPNN_1_271,0.7986255288124084,0.007840550504624844,0.011606414373209747,139.02699947357178,1.9198614038207609,471041,80,0,QM9,D-MPNN,1,271
QM9_D-MPNN_1_314,0.8571336269378662,0.009559696540236473,0.014009301591574102,112.31900095939636,1.8985962119052566,471041,64,1,QM9,D-MPNN,1,314
QM9_D-MPNN_1_3141,0.8340487480163574,0.008873771876096725,0.01234261673730424,139.60999846458435,1.9178613677598038,471041,80,0,QM9,D-MPNN,1,3141
QM9_D-MPNN_1_3333,0.8427258729934692,0.00812376756221056,0.01067474377339678,139.43800497055054,1.9077628570776382,471041,80,0,QM9,D-MPNN,1,3333
QM9_D-MPNN_1_42,0.8399819135665894,0.009848556481301785,0.013277214809954902,139.0879979133606,1.9160853488356744,471041,80,0,QM9,D-MPNN,1,42
QM9_D-MPNN_1_4444,0.7886490821838379,0.012122121639549732,0.015376808090869342,89.25399994850159,1.8961279700140816,471041,51,1,QM9,D-MPNN,1,4444
QM9_D-MPNN_1_456,0.7730851173400879,0.008868950419127941,0.013345326795035504,139.94999814033508,1.907795967678363,471041,80,0,QM9,D-MPNN,1,456
QM9_D-MPNN_1_5555,0.8432579040527344,0.01008225604891777,0.013937307996179758,111.17200493812561,1.9251285008457757,471041,63,1,QM9,D-MPNN,1,5555
QM9_D-MPNN_1_6666,0.8070501089096069,0.00857624039053917,0.011360212009569333,140.77098631858826,1.9018621283838357,471041,80,0,QM9,D-MPNN,1,6666
QM9_D-MPNN_1_7777,0.8310222625732422,0.008766076527535915,0.011109557065171024,140.23699641227722,1.9190612813060828,471041,80,0,QM9,D-MPNN,1,7777
QM9_D-MPNN_1_789,0.8557652235031128,0.008303685113787651,0.011236547426551662,130.26399970054626,1.9483574549908145,471041,75,1,QM9,D-MPNN,1,789
QM9_D-MPNN_1_8888,0.844242513179779,0.008447960950434208,0.011443520849608594,140.4879994392395,1.8991266491333798,471041,80,0,QM9,D-MPNN,1,8888
QM9_D-MPNN_1_9999,0.8720829486846924,0.009167179465293884,0.012058156081543519,140.05666160583496,1.9107274241714178,471041,80,0,QM9,D-MPNN,1,9999
QM9_D-MPNN_2_1024,0.7678564190864563,0.009191464632749557,0.011893397162269944,82.08199977874756,2.040923074910113,471041,46,1,QM9,D-MPNN,2,1024
QM9_D-MPNN_2_1111,0.7950983047485352,0.009739157743752003,0.012965574641492237,93.353999376297,2.0491722878062477,471041,52,1,QM9,D-MPNN,2,1111
QM9_D-MPNN_2_123,0.8123452663421631,0.009818881750106812,0.013217203249855999,124.28099751472473,2.030602295610601,471041,69,1,QM9,D-MPNN,2,123
QM9_D-MPNN_2_1618,0.7996393442153931,0.008886699564754963,0.011772407311491814,112.50198602676392,2.037656331858688,471041,64,1,QM9,D-MPNN,2,1618
QM9_D-MPNN_2_1729,0.9001559019088745,0.009528790600597858,0.012229486911143209,140.77899980545044,2.0364708356503147,471041,80,0,QM9,D-MPNN,2,1729
QM9_D-MPNN_2_2048,0.8647886514663696,0.009879394434392452,0.012800342153912708,136.21999740600586,2.0358024561307424,471041,77,1,QM9,D-MPNN,2,2048
QM9_D-MPNN_2_2222,0.7697867155075073,0.008587864227592945,0.011686532865619147,141.80199813842773,2.0358022812787944,471041,80,0,QM9,D-MPNN,2,2222
QM9_D-MPNN_2_271,0.757477879524231,0.008441062644124031,0.012400281797612862,101.68900060653687,2.0377927958563937,471041,57,1,QM9,D-MPNN,2,271
QM9_D-MPNN_2_314,0.8318839073181152,0.010410001501441002,0.014671506697102925,92.43399691581726,2.0493896605690463,471041,52,1,QM9,D-MPNN,2,314
QM9_D-MPNN_2_3141,0.788807213306427,0.009872714057564735,0.013554151370524303,140.90300011634827,2.027001823772708,471041,80,0,QM9,D-MPNN,2,3141
QM9_D-MPNN_2_3333,0.836248517036438,0.008445185609161854,0.010954571895656927,142.09600114822388,2.023188477635773,471041,80,0,QM9,D-MPNN,2,3333
QM9_D-MPNN_2_42,0.7831459641456604,0.011221122927963734,0.015571142860161653,117.22099876403809,2.0835460984823713,471041,66,1,QM9,D-MPNN,2,42
QM9_D-MPNN_2_4444,0.7745828628540039,0.010045970790088177,0.01315498559461447,106.47499918937683,2.013000935520742,471041,60,1,QM9,D-MPNN,2,4444
QM9_D-MPNN_2_456,0.7131048440933228,0.010136671364307404,0.014697607288318077,86.99699854850769,2.0392693569758897,471041,49,1,QM9,D-MPNN,2,456
QM9_D-MPNN_2_5555,0.8356647491455078,0.009909496642649174,0.013687004080235406,137.7660048007965,2.0483274985666364,471041,77,1,QM9,D-MPNN,2,5555
QM9_D-MPNN_2_6666,0.7571911811828613,0.009567447006702423,0.012716750924468712,141.69999837875366,2.0168108640968723,471041,80,0,QM9,D-MPNN,2,6666
QM9_D-MPNN_2_7777,0.8206945657730103,0.009020216763019562,0.01141805675527652,142.83699917793274,2.0257367381366684,471041,80,0,QM9,D-MPNN,2,7777
QM9_D-MPNN_2_789,0.7889195680618286,0.010035376064479351,0.013356732545802774,69.64999985694885,2.0425236219564704,471041,39,1,QM9,D-MPNN,2,789
QM9_D-MPNN_2_8888,0.8236415386199951,0.00909202080219984,0.012401935169856453,142.2759985923767,2.04212769356336,471041,80,0,QM9,D-MPNN,2,8888
QM9_D-MPNN_2_9999,0.8421089053153992,0.009483068250119686,0.01282277618195785,128.60099840164185,2.0400694000124098,471041,73,1,QM9,D-MPNN,2,9999
QM9_DimeNet_0_1024,0.7261843681335449,0.009652849286794662,0.012810388995744923,131.69799876213074,1.904460364750635,878849,56,1,QM9,DimeNet,0,1024
QM9_DimeNet_0_1111,0.7870931625366211,0.009526168927550316,0.012825030928762048,188.41199445724487,1.9101293987175236,878849,80,0,QM9,DimeNet,0,1111
QM9_DimeNet_0_123,0.7853763699531555,0.010599003173410892,0.014067953926365031,187.09099984169006,1.896326474662113,878849,80,0,QM9,DimeNet,0,123
QM9_DimeNet_0_1618,0.8112005591392517,0.008593391627073288,0.011397258934276662,159.54000329971313,1.9303954707057376,878849,68,1,QM9,DimeNet,0,1618
QM9_DimeNet_0_1729,0.8724266290664673,0.010434835217893124,0.013717919220818128,187.7569978237152,1.924261632573804,878849,80,0,QM9,DimeNet,0,1729
QM9_DimeNet_0_2048,0.7920167446136475,0.011825717985630035,0.015812592440349566,70.59899878501892,1.904927028704583,878849,30,1,QM9,DimeNet,0,2048
QM9_DimeNet_0_2222,0.7389349937438965,0.009174246340990067,0.012370008058391098,75.60299754142761,1.9015935240002328,878849,32,1,QM9,DimeNet,0,2222
QM9_DimeNet_0_271,0.680729866027832,0.009654256515204906,0.014058906726084033,73.46299862861633,1.9098965277138675,878849,31,1,QM9,DimeNet,0,271
QM9_DimeNet_0_314,0.8423224687576294,0.010094556026160717,0.014134991004894897,188.57699918746948,1.9120676643538932,878849,80,0,QM9,DimeNet,0,314
QM9_DimeNet_0_3141,0.7001842856407166,0.011352628469467163,0.01578728121672596,70.92499995231628,1.9060603872411481,878849,30,1,QM9,DimeNet,0,3141
QM9_DimeNet_0_3333,0.7395714521408081,0.010110680013895035,0.01362529124295365,75.69599866867065,1.9063627221551098,878849,32,1,QM9,DimeNet,0,3333
QM9_DimeNet_0_42,0.7802319526672363,0.011169658973813057,0.015471195985752155,185.5769989490509,1.9405311771659615,878849,80,0,QM9,DimeNet,0,42
QM9_DimeNet_0_4444,0.7384731769561768,0.01094261184334755,0.014405383861067577,111.95299673080444,1.9233950186319388,878849,48,1,QM9,DimeNet,0,4444
QM9_DimeNet_0_456,0.6777036786079407,0.01100915763527155,0.015644309286978936,71.19899892807007,1.9027285515781212,878849,30,1,QM9,DimeNet,0,456
QM9_DimeNet_0_5555,0.8185536861419678,0.010591870173811913,0.014276525794289225,187.4790003299713,1.9084790824484734,878849,80,0,QM9,DimeNet,0,5555
QM9_DimeNet_0_6666,0.7297449111938477,0.010380063205957413,0.013613863040472537,186.56957149505615,1.9381290769980775,878849,80,0,QM9,DimeNet,0,6666
QM9_DimeNet_0_7777,0.7337992787361145,0.010670192539691925,0.013616804881398438,70.36799907684326,1.9074604903724133,878849,30,1,QM9,DimeNet,0,7777
QM9_DimeNet_0_789,0.7271278500556946,0.011018742807209492,0.014929627625252009,71.62699794769287,1.892659622666454,878849,30,1,QM9,DimeNet,0,789
QM9_DimeNet_0_8888,0.6930146217346191,0.01091763935983181,0.0154930819374887,70.63199877738953,1.8934596021204473,878849,30,1,QM9,DimeNet,0,8888
QM9_DimeNet_0_9999,0.8373361229896545,0.009890733286738396,0.01330222623491942,187.8760004043579,1.90762251454581,878849,80,0,QM9,DimeNet,0,9999
QM9_DimeNet_1_1024,0.7161508202552795,0.009913626126945019,0.01316047834117277,88.16799926757812,1.921527933634093,878849,37,1,QM9,DimeNet,1,1024
QM9_DimeNet_1_1111,0.7940009832382202,0.009418935514986515,0.01277661026130284,183.61401748657227,1.903945775467266,878849,78,1,QM9,DimeNet,1,1111
QM9_DimeNet_1_123,0.7684023380279541,0.01106988824903965,0.014903731254196001,103.11899900436401,1.9033322199812508,878849,44,1,QM9,DimeNet,1,123
QM9_DimeNet_1_1618,0.8180632591247559,0.008660980500280857,0.011432290031838318,159.31899857521057,1.9168970115789294,878849,68,1,QM9,DimeNet,1,1618
QM9_DimeNet_1_1729,0.8392244577407837,0.011681483127176762,0.015378078046488703,107.07800030708313,1.9219582919653546,878849,46,1,QM9,DimeNet,1,1729
QM9_DimeNet_1_2048,0.7872796654701233,0.012149372138082981,0.016129854558321895,71.13599562644958,1.9125723665543768,878849,30,1,QM9,DimeNet,1,2048
QM9_DimeNet_1_2222,0.7990614771842957,0.00806315615773201,0.011015541258326244,190.27700018882751,1.9149961483638298,878849,80,0,QM9,DimeNet,1,2222
QM9_DimeNet_1_271,0.6934117078781128,0.009984288364648819,0.014088601981443474,71.211998462677,1.897661834885672,878849,30,1,QM9,DimeNet,1,271
QM9_DimeNet_1_314,0.8431156873703003,0.010305941104888916,0.014495914860628735,180.5379993915558,1.9111472754901597,878849,76,1,QM9,DimeNet,1,314
QM9_DimeNet_1_3141,0.7071167826652527,0.011632347479462624,0.015945984862838745,78.32000017166138,1.9203280359834454,878849,33,1,QM9,DimeNet,1,3141
QM9_DimeNet_1_3333,0.7817437648773193,0.009300298988819122,0.012385495495747535,114.46099495887756,1.918345723551777,878849,48,1,QM9,DimeNet,1,3333
QM9_DimeNet_1_42,0.7850461006164551,0.011080892756581306,0.015121491236803524,187.57399773597717,1.9103938702368977,878849,80,0,QM9,DimeNet,1,42
QM9_DimeNet_1_4444,0.7808851003646851,0.010557049885392189,0.01364551337937561,187.48800086975098,1.9168731999227195,878849,80,0,QM9,DimeNet,1,4444
QM9_DimeNet_1_456,0.6825984716415405,0.010816848836839199,0.015524611555094584,70.34699940681458,1.9153822214653178,878849,30,1,QM9,DimeNet,1,456
QM9_DimeNet_1_5555,0.7900411486625671,0.011668777093291283,0.015697804166043012,70.5439977645874,1.919795850235841,878849,30,1,QM9,DimeNet,1,5555
QM9_DimeNet_1_6666,0.7436843514442444,0.00987592525780201,0.013156451214893377,187.48000144958496,1.9211949678379439,878849,80,0,QM9,DimeNet,1,6666
QM9_DimeNet_1_7777,0.7453160285949707,0.010386958718299866,0.013412071977082421,82.68099641799927,1.9099939838315068,878849,35,1,QM9,DimeNet,1,7777
QM9_DimeNet_1_789,0.7618880271911621,0.010146786458790302,0.014058048629069477,71.34599947929382,1.9151161285915155,878849,30,1,QM9,DimeNet,1,789
QM9_DimeNet_1_8888,0.8020806908607483,0.009154992178082466,0.012726089076967416,186.589998960495,1.9096609226615677,878849,79,1,QM9,DimeNet,1,8888
QM9_DimeNet_1_9999,0.8280055522918701,0.01014154776930809,0.013577610988210503,137.3010003566742,1.92586351485322,878849,58,1,QM9,DimeNet,1,9999
QM9_DimeNet_2_1024,0.72823166847229,0.00954672135412693,0.012701602670451995,132.110999584198,2.0345428068007267,878849,56,1,QM9,DimeNet,2,1024
QM9_DimeNet_2_1111,0.8017786741256714,0.00921011995524168,0.01245868154866524,185.21275639533997,2.0390692627646936,878849,78,1,QM9,DimeNet,2,1111
QM9_DimeNet_2_123,0.7614488005638123,0.011113474145531654,0.01475585553600279,103.04199838638306,2.025668990954581,878849,44,1,QM9,DimeNet,2,123
QM9_DimeNet_2_1618,0.8198465704917908,0.008406227454543114,0.011087615619848716,188.743999004364,2.0495385390550696,878849,80,0,QM9,DimeNet,2,1618
QM9_DimeNet_2_1729,0.8504596948623657,0.011796158738434315,0.015407265690751848,84.54300045967102,2.0454510727503497,878849,36,1,QM9,DimeNet,2,1729
QM9_DimeNet_2_2048,0.8624349236488342,0.009817739948630333,0.012881501221951551,189.5239963531494,2.034026961762457,878849,80,0,QM9,DimeNet,2,2048
QM9_DimeNet_2_2222,0.7778953313827515,0.008513948880136013,0.011585079841458587,137.36099910736084,2.03795278538894,878849,58,1,QM9,DimeNet,2,2222
QM9_DimeNet_2_271,0.7854982018470764,0.008309775963425636,0.011840784058072934,187.49199748039246,2.037003116771709,878849,80,0,QM9,DimeNet,2,271
QM9_DimeNet_2_314,0.8444198966026306,0.009975492022931576,0.013843033908398337,168.39357900619507,2.0304194640553757,878849,71,1,QM9,DimeNet,2,314
QM9_DimeNet_2_3141,0.7968668937683105,0.009724908508360386,0.0134368220918245,189.12999725341797,2.03594279866257,878849,80,0,QM9,DimeNet,2,3141
QM9_DimeNet_2_3333,0.7802379131317139,0.009357553906738758,0.012432315516675386,149.68399953842163,2.0450419191917075,878849,64,1,QM9,DimeNet,2,3333
QM9_DimeNet_2_42,0.7756582498550415,0.01053632702678442,0.014481324899796541,104.13799953460693,2.0777647141909883,878849,44,1,QM9,DimeNet,2,42
QM9_DimeNet_2_4444,0.804141640663147,0.009377988055348396,0.012309903362010063,187.4279980659485,2.0334900391166215,878849,80,0,QM9,DimeNet,2,4444
QM9_DimeNet_2_456,0.794390082359314,0.009171226061880589,0.012671688800299542,186.0269992351532,2.0459148436993373,878849,80,0,QM9,DimeNet,2,456
QM9_DimeNet_2_5555,0.8248558044433594,0.010400214232504368,0.014074966973338574,135.46500325202942,2.0410351073219744,878849,57,1,QM9,DimeNet,2,5555
QM9_DimeNet_2_6666,0.71962571144104,0.010818202048540115,0.01407502125226355,137.30699944496155,2.0428584475415223,878849,58,1,QM9,DimeNet,2,6666
QM9_DimeNet_2_7777,0.7596901059150696,0.010391338728368282,0.013272988483810262,82.12700009346008,2.038204254281625,878849,35,1,QM9,DimeNet,2,7777
QM9_DimeNet_2_789,0.7851907014846802,0.01028172206133604,0.013615488746676296,76.87599897384644,2.0518423883237316,878849,33,1,QM9,DimeNet,2,789
QM9_DimeNet_2_8888,0.7304811477661133,0.01050508301705122,0.014617730280814733,70.83900451660156,2.052070045560207,878849,30,1,QM9,DimeNet,2,8888
QM9_DimeNet_2_9999,0.8524267673492432,0.009542534127831459,0.01266672108262085,186.87800097465515,2.0336802303493005,878849,80,0,QM9,DimeNet,2,9999
QM9_DimeNet_3_1024,0.70343017578125,0.00979713723063469,0.013363511759297021,94.00598907470703,4.210463277813668,878849,31,1,QM9,DimeNet,3,1024
QM9_DimeNet_3_1111,0.7852410674095154,0.00950045045465231,0.012899496807722776,130.26100301742554,4.340403344357123,878849,52,1,QM9,DimeNet,3,1111
QM9_DimeNet_3_123,0.7872461080551147,0.01078935619443655,0.014184473590553894,112.00011563301086,4.1019400047078705,878849,47,1,QM9,DimeNet,3,123
QM9_DimeNet_3_1618,0.7870819568634033,0.008942519314587116,0.011913501103846497,81.4159984588623,4.049419718057109,878849,33,1,QM9,DimeNet,3,1618
QM9_DimeNet_3_1729,0.8581603765487671,0.0113903833553195,0.014844477668606984,73.09299802780151,4.076669789363102,878849,30,1,QM9,DimeNet,3,1729
QM9_DimeNet_3_2048,0.8366584777832031,0.010613643564283848,0.014157273352590989,208.48704409599304,4.15227890855517,878849,74,1,QM9,DimeNet,3,2048
QM9_DimeNet_3_2222,0.775111198425293,0.009141414426267147,0.012259090992997199,84.20200109481812,4.094150503759426,878849,34,1,QM9,DimeNet,3,2222
QM9_DimeNet_3_271,0.7750178575515747,0.008558843284845352,0.011978345006815815,198.2659318447113,4.076041121044657,878849,80,0,QM9,DimeNet,3,271
QM9_DimeNet_3_314,0.8483895063400269,0.009881550446152687,0.01372704857663487,198.0119981765747,4.056270165377126,878849,80,0,QM9,DimeNet,3,314
QM9_DimeNet_3_3141,0.7475689053535461,0.01104018371552229,0.014926693488479395,140.61803722381592,4.311869811313151,878849,49,1,QM9,DimeNet,3,3141
QM9_DimeNet_3_3333,0.7750375866889954,0.00928855873644352,0.01245263794607789,196.5619933605194,4.079911376549536,878849,80,0,QM9,DimeNet,3,3333
QM9_DimeNet_3_42,0.7726249694824219,0.01107103656977415,0.015263168660116332,157.95399641990662,4.095021613059456,878849,66,1,QM9,DimeNet,3,42
QM9_DimeNet_3_4444,0.7858202457427979,0.00985591672360897,0.012910408810714705,197.33299922943115,4.060334826211034,878849,80,0,QM9,DimeNet,3,4444
QM9_DimeNet_3_456,0.7442086935043335,0.010040907189249992,0.014036589003652409,109.32799959182739,4.100774480024887,878849,46,1,QM9,DimeNet,3,456
QM9_DimeNet_3_5555,0.8362918496131897,0.010128669440746307,0.013626232125204009,195.89799785614014,4.062089616058236,878849,80,0,QM9,DimeNet,3,5555
QM9_DimeNet_3_6666,0.6906460523605347,0.010454058647155762,0.013913292367399415,117.22699999809265,4.0694809962467,878849,48,1,QM9,DimeNet,3,6666
QM9_DimeNet_3_7777,0.7684682607650757,0.01008122693747282,0.012849809296392567,98.96437335014343,4.339467375591352,878849,37,1,QM9,DimeNet,3,7777
QM9_DimeNet_3_789,0.771343469619751,0.010273341089487076,0.013852954813050109,72.100998878479,4.083961959901997,878849,30,1,QM9,DimeNet,3,789
QM9_DimeNet_3_8888,0.734958827495575,0.010327698662877083,0.014510546311363757,74.2619993686676,4.072612534138501,878849,30,1,QM9,DimeNet,3,8888
QM9_DimeNet_3_9999,0.8169258832931519,0.010282008908689022,0.014067479645198172,120.78034710884094,4.172522867754369,878849,42,1,QM9,DimeNet,3,9999
QM9_DimeNet_4_1024,0.6683082580566406,0.010361304506659508,0.013924698985720768,129.56699991226196,1.9980482804281678,878849,52,1,QM9,DimeNet,4,1024
QM9_DimeNet_4_1111,0.7384153604507446,0.010430367663502693,0.01406276337555773,185.01099514961243,1.965563617886619,878849,74,1,QM9,DimeNet,4,1111
QM9_DimeNet_4_123,0.6898411512374878,0.012238238006830215,0.016624683520300235,87.3909981250763,1.9277952950718769,878849,35,1,QM9,DimeNet,4,123
QM9_DimeNet_4_1618,0.7394284009933472,0.010002153925597668,0.013153239357593181,118.58302021026611,1.9871927402887244,878849,48,1,QM9,DimeNet,4,1618
QM9_DimeNet_4_1729,0.8041744828224182,0.012919912114739418,0.01672441418068438,119.81439208984375,1.9516650975024719,878849,48,1,QM9,DimeNet,4,1729
QM9_DimeNet_4_2048,0.7580617666244507,0.012781544588506222,0.01692650256016458,109.7669985294342,1.9855094882708977,878849,44,1,QM9,DimeNet,4,2048
QM9_DimeNet_4_2222,0.718814492225647,0.009478192776441574,0.01271379597070586,79.9569981098175,2.0241350625004637,878849,32,1,QM9,DimeNet,4,2222
QM9_DimeNet_4_271,0.6492165327072144,0.010738386772572994,0.014944626579556941,107.36299967765808,1.9036410244172934,878849,43,1,QM9,DimeNet,4,271
QM9_DimeNet_4_314,0.7768324613571167,0.011760429479181767,0.01659772193887388,112.56200075149536,1.9596018022803896,878849,45,1,QM9,DimeNet,4,314
QM9_DimeNet_4_3141,0.6758336424827576,0.012061849236488342,0.016378281764908516,179.56900191307068,1.9279358442469163,878849,72,1,QM9,DimeNet,4,3141
QM9_DimeNet_4_3333,0.7082266211509705,0.010638723149895668,0.014423518670668255,79.57999897003174,1.9771983618894906,878849,32,1,QM9,DimeNet,4,3333
QM9_DimeNet_4_42,0.6893429756164551,0.013065803796052933,0.01780750123606766,79.79199838638306,1.9827031939814461,878849,32,1,QM9,DimeNet,4,42
QM9_DimeNet_4_4444,0.6989330053329468,0.010933845303952694,0.014796712089570016,109.1639986038208,1.8884543538355845,878849,44,1,QM9,DimeNet,4,4444
QM9_DimeNet_4_456,0.6516368389129639,0.011195513419806957,0.015939973507458988,82.83399963378906,1.9508621455653603,878849,33,1,QM9,DimeNet,4,456
QM9_DimeNet_4_5555,0.7620394229888916,0.012273462489247322,0.016283137940137568,141.71900129318237,1.8788640741841285,878849,57,1,QM9,DimeNet,4,5555
QM9_DimeNet_4_6666,0.6109479665756226,0.012093264609575272,0.01605014642247772,97.92099952697754,1.9681963318784648,878849,39,1,QM9,DimeNet,4,6666
QM9_DimeNet_4_7777,0.7068076133728027,0.010974044911563396,0.014242677869923783,121.37900114059448,1.96407758297066,878849,48,1,QM9,DimeNet,4,7777
QM9_DimeNet_4_789,0.7092496156692505,0.011263447813689709,0.015329181427549212,109.75200295448303,1.9282043055698341,878849,44,1,QM9,DimeNet,4,789
QM9_DimeNet_4_8888,0.7344070672988892,0.010381697677075863,0.014487027947341543,87.68399691581726,2.0133342828120506,878849,35,1,QM9,DimeNet,4,8888
QM9_DimeNet_4_9999,0.7837007641792297,0.010877881199121475,0.014672614054415828,98.53599905967712,1.9789783547215323,878849,39,1,QM9,DimeNet,4,9999
QM9_GIN_0_1024,0.7101202011108398,0.010099459439516068,0.013270977615319158,186.17599821090698,1.9621626839128143,1388033,80,0,QM9,GIN,0,1024
QM9_GIN_0_1111,0.501843273639679,0.013275333680212498,0.018208415188506948,153.13499903678894,1.9234634652218188,1388033,66,1,QM9,GIN,0,1111
QM9_GIN_0_123,0.6530070304870605,0.012517964467406273,0.01682797220980041,148.74399781227112,1.8921734547724731,1388033,64,1,QM9,GIN,0,123
QM9_GIN_0_1618,0.697813868522644,0.01032783929258585,0.013771245220727897,187.51800179481506,1.9083273109574899,1388033,80,0,QM9,GIN,0,1618
QM9_GIN_0_1729,0.5916626453399658,0.016594739630818367,0.022565511421042055,130.73099946975708,1.897395106186604,1388033,56,1,QM9,GIN,0,1729
QM9_GIN_0_2048,0.6945010423660278,0.013885014690458775,0.018642686639482934,174.6249976158142,1.9193267224589876,1388033,75,1,QM9,GIN,0,2048
QM9_GIN_0_2222,0.5726932287216187,0.011383254081010818,0.015511879534039385,170.76699995994568,1.9189103999704717,1388033,74,1,QM9,GIN,0,2222
QM9_GIN_0_271,0.6468240022659302,0.010328572243452072,0.014614516461311119,149.43799805641174,1.8951262749944642,1388033,65,1,QM9,GIN,0,271
QM9_GIN_0_314,0.722845196723938,0.01264383178204298,0.01797872527542626,185.71599698066711,1.9104632228777816,1388033,80,0,QM9,GIN,0,314
QM9_GIN_0_3141,0.5823789834976196,0.013130403123795986,0.018126050979258443,186.03799986839294,1.9095271609212423,1388033,80,0,QM9,GIN,0,3141
QM9_GIN_0_3333,0.702486515045166,0.01097039319574833,0.014609026542947375,176.19599437713623,1.9010601460802545,1388033,76,1,QM9,GIN,0,3333
QM9_GIN_0_42,0.6733322739601135,0.01277230866253376,0.01676026564484454,187.44899582862854,1.9001265956335158,1388033,80,0,QM9,GIN,0,42
QM9_GIN_0_4444,0.613873302936554,0.01318285521119833,0.017365962572128503,185.979994058609,1.909193940794987,1388033,80,0,QM9,GIN,0,4444
QM9_GIN_0_456,0.5361171960830688,0.012096651829779148,0.017755614864429035,184.443998336792,1.8946492947755762,1388033,80,0,QM9,GIN,0,456
QM9_GIN_0_5555,0.5953322052955627,0.015519131906330585,0.021243452096977717,178.82299947738647,1.9083954714260003,1388033,77,1,QM9,GIN,0,5555
QM9_GIN_0_6666,0.5352226495742798,0.012884178198873997,0.01775911652874306,187.16099786758423,1.8929927156276565,1388033,80,0,QM9,GIN,0,6666
QM9_GIN_0_7777,0.6229380369186401,0.011797754094004631,0.015675316573560347,103.96599531173706,1.9188613778424666,1388033,45,1,QM9,GIN,0,7777
QM9_GIN_0_789,0.6023628115653992,0.012964251451194286,0.017341045667386285,119.83199882507324,1.9149961642594613,1388033,52,1,QM9,GIN,0,789
QM9_GIN_0_8888,0.6263598799705505,0.01245785504579544,0.017431952770227285,106.39300012588501,1.9155372992476842,1388033,46,1,QM9,GIN,0,8888
QM9_GIN_0_9999,0.6826112866401672,0.01280964631587267,0.01723314727361961,117.24199771881104,1.914594306795746,1388033,51,1,QM9,GIN,0,9999
QM9_GIN_1_1024,0.6750907897949219,0.010554641485214233,0.013923358130438828,174.5479998588562,1.9099987207297382,1388033,75,1,QM9,GIN,1,1024
QM9_GIN_1_1111,0.6743850111961365,0.011834223754703999,0.015764711722463336,172.8349962234497,1.90351595758748,1388033,74,1,QM9,GIN,1,1111
QM9_GIN_1_123,0.6156604886054993,0.013011215254664421,0.01776898761996526,135.99100017547607,1.9145500056703406,1388033,58,1,QM9,GIN,1,123
QM9_GIN_1_1618,0.7053537368774414,0.010163768194615841,0.013641976656076065,193.42028760910034,1.9121275590939462,1388033,80,0,QM9,GIN,1,1618
QM9_GIN_1_1729,0.691607654094696,0.01558002457022667,0.021018319370468073,171.00024271011353,1.985266777871251,1388033,72,1,QM9,GIN,1,1729
QM9_GIN_1_2048,0.6707341074943542,0.014103395864367485,0.019054488830109406,132.93199968338013,1.945061861367947,1388033,57,1,QM9,GIN,1,2048
QM9_GIN_1_2222,0.47348058223724365,0.013323906809091568,0.01865975924700021,120.7369978427887,1.8915927873483396,1388033,52,1,QM9,GIN,1,2222
QM9_GIN_1_271,0.5813874006271362,0.011195259168744087,0.015617560686930996,111.18899869918823,1.923469569144372,1388033,48,1,QM9,GIN,1,271
QM9_GIN_1_314,0.7102973461151123,0.012991627678275108,0.018446876524047185,175.614000082016,1.9019935216750452,1388033,76,1,QM9,GIN,1,314
QM9_GIN_1_3141,0.5527201294898987,0.01342843659222126,0.018447275680480688,149.71399998664856,1.9053269945881322,1388033,64,1,QM9,GIN,1,3141
QM9_GIN_1_3333,0.711001992225647,0.010749422945082188,0.014028284548837687,180.71799898147583,1.9089958335377468,1388033,78,1,QM9,GIN,1,3333
QM9_GIN_1_42,0.6935726404190063,0.012400321662425995,0.016442624106531033,187.62400078773499,1.913864586033641,1388033,80,0,QM9,GIN,1,42
QM9_GIN_1_4444,0.5919070243835449,0.01221866998821497,0.01671073147938556,187.54162788391113,1.9170630573471337,1388033,80,1,QM9,GIN,1,4444
QM9_GIN_1_456,0.5563081502914429,0.012452947907149792,0.017562177662812224,185.9200005531311,1.911252154867779,1388033,80,0,QM9,GIN,1,456
QM9_GIN_1_5555,0.5828853845596313,0.015506904572248459,0.021905206097216225,187.17999935150146,1.9168611192426663,1388033,80,0,QM9,GIN,1,5555
QM9_GIN_1_6666,0.5462983250617981,0.012593557126820087,0.017214115489022217,187.97700428962708,1.907927202013256,1388033,80,0,QM9,GIN,1,6666
QM9_GIN_1_7777,0.6255820989608765,0.011919781565666199,0.015804877743327922,106.3408203125,1.8975326034003666,1388033,46,1,QM9,GIN,1,7777
QM9_GIN_1_789,0.7009637951850891,0.011733368039131165,0.015512167532440467,174.9282877445221,1.9004599429248246,1388033,76,1,QM9,GIN,1,789
QM9_GIN_1_8888,0.6675617694854736,0.011441056616604328,0.016115032267074652,187.10599732398987,1.9174028264736285,1388033,80,0,QM9,GIN,1,8888
QM9_GIN_1_9999,0.7106602191925049,0.01251367200165987,0.016835325264807015,158.98599910736084,1.9106608055791774,1388033,69,1,QM9,GIN,1,9999
QM9_GIN_2_1024,0.5768923759460449,0.011399729177355766,0.015101685475198022,134.82699871063232,2.0385410032381066,1388033,58,1,QM9,GIN,2,1024
QM9_GIN_2_1111,0.5515638589859009,0.013590469025075436,0.01793670897684604,93.54099655151367,2.0337114175785955,1388033,40,1,QM9,GIN,2,1111
QM9_GIN_2_123,0.523748517036438,0.014184987172484398,0.019184250981864347,69.73500037193298,2.0331355665308513,1388033,30,1,QM9,GIN,2,123
QM9_GIN_2_1618,0.5937049388885498,0.011549726128578186,0.015483042302512552,92.5430040359497,2.0403530257679208,1388033,40,1,QM9,GIN,2,1618
QM9_GIN_2_1729,0.6581639051437378,0.016193006187677383,0.021913458632880016,132.30750012397766,2.0148130375287145,1388033,57,1,QM9,GIN,2,1729
QM9_GIN_2_2048,0.5841816663742065,0.014834307134151459,0.02060831228857432,70.14799952507019,2.0953686334775425,1388033,30,1,QM9,GIN,2,2048
QM9_GIN_2_2222,0.4190162122249603,0.013320302590727806,0.017821091456469772,88.33499884605408,2.044352430273306,1388033,38,1,QM9,GIN,2,2222
QM9_GIN_2_271,0.41583412885665894,0.012427517212927341,0.017513065341032592,147.2909996509552,2.0380418009261736,1388033,63,1,QM9,GIN,2,271
QM9_GIN_2_314,0.6725562810897827,0.013537907972931862,0.01931492242668248,110.60299921035767,2.0184011902520798,1388033,47,1,QM9,GIN,2,314
QM9_GIN_2_3141,0.39912092685699463,0.015333193354308605,0.021702048437374524,107.06999802589417,2.0193215314289183,1388033,46,1,QM9,GIN,2,3141
QM9_GIN_2_3333,0.5654988288879395,0.01198067981749773,0.01650011308943536,116.01899743080139,2.0358709821987806,1388033,50,1,QM9,GIN,2,3333
QM9_GIN_2_42,0.5797287225723267,0.013791647739708424,0.018473016443217617,134.50799894332886,2.0358691383055096,1388033,58,1,QM9,GIN,2,42
QM9_GIN_2_4444,0.47831398248672485,0.013591599650681019,0.01855257690497191,85.93800210952759,2.0477366420426155,1388033,37,1,QM9,GIN,2,4444
QM9_GIN_2_456,0.48201367259025574,0.013085277751088142,0.018344236217075146,126.17099928855896,2.038868882432128,1388033,54,1,QM9,GIN,2,456
QM9_GIN_2_5555,0.5417342185974121,0.015075091272592545,0.021678410043539573,188.1439986228943,2.0443550689481595,1388033,80,1,QM9,GIN,2,5555
QM9_GIN_2_6666,0.44612735509872437,0.012772169895470142,0.017717165047021744,177.6819987297058,2.0425927997454063,1388033,76,1,QM9,GIN,2,6666
QM9_GIN_2_7777,0.5418927669525146,0.012317647226154804,0.016759229803783384,97.62899947166443,2.024401695825742,1388033,42,1,QM9,GIN,2,7777
QM9_GIN_2_789,0.6247604489326477,0.012463134713470936,0.016945166072382084,111.50899863243103,2.030468517974644,1388033,48,1,QM9,GIN,2,789
QM9_GIN_2_8888,0.5185929536819458,0.013081243261694908,0.01847772100911545,74.68499708175659,2.044136297369776,1388033,32,1,QM9,GIN,2,8888
QM9_GIN_2_9999,0.6247357130050659,0.013987568207085133,0.018688678054054268,126.15199899673462,2.065804221008736,1388033,54,1,QM9,GIN,2,9999
QM9_PharmaJEGNN_0_1024,0.8215078711509705,0.011971469037234783,0.014783115464222887,166.73504042625427,1.8952953091414184,4221185,44,1,QM9,PharmaJEGNN,0,1024
QM9_PharmaJEGNN_0_1111,0.7823128700256348,0.010434253141283989,0.01367860015586798,115.46500039100647,1.9140215077092786,4221185,31,1,QM9,PharmaJEGNN,0,1111
QM9_PharmaJEGNN_0_123,0.8629205226898193,0.009711491875350475,0.012370169222344263,167.9499955177307,1.9155496024665803,4221185,45,1,QM9,PharmaJEGNN,0,123
QM9_PharmaJEGNN_0_1618,0.7471927404403687,0.011648501269519329,0.014379634292378556,127.2123532295227,1.9181636390912389,4221185,34,1,QM9,PharmaJEGNN,0,1618
QM9_PharmaJEGNN_0_1729,0.8722580671310425,0.011268801055848598,0.014678824715620344,115.91000032424927,1.9183280317137517,4221185,31,1,QM9,PharmaJEGNN,0,1729
QM9_PharmaJEGNN_0_2048,0.9032027125358582,0.01108324434608221,0.013263541114491467,164.81699800491333,1.936396023966295,4221185,44,1,QM9,PharmaJEGNN,0,2048
QM9_PharmaJEGNN_0_2222,0.7882399559020996,0.01441289484500885,0.016831790493263388,127.6129994392395,1.9090063087590035,4221185,34,1,QM9,PharmaJEGNN,0,2222
QM9_PharmaJEGNN_0_271,0.6701376438140869,0.015075820498168468,0.018687571561468618,111.71999907493591,1.903328675255393,4221185,30,1,QM9,PharmaJEGNN,0,271
QM9_PharmaJEGNN_0_314,0.8517323136329651,0.009973881766200066,0.014173973675427722,116.32699942588806,1.881667395990462,4221185,31,1,QM9,PharmaJEGNN,0,314
QM9_PharmaJEGNN_0_3141,0.7541738748550415,0.011141976341605186,0.015076796977053672,112.17398357391357,1.9070032048411383,4221185,30,1,QM9,PharmaJEGNN,0,3141
QM9_PharmaJEGNN_0_3333,0.8637241125106812,0.008116633631289005,0.010427662499030575,153.92300152778625,1.9007367812456215,4221185,41,1,QM9,PharmaJEGNN,0,3333
QM9_PharmaJEGNN_0_42,0.7731109261512756,0.017960647121071815,0.021644525053869854,121.84269499778748,8.873151758446902,4221185,30,1,QM9,PharmaJEGNN,0,42
QM9_PharmaJEGNN_0_4444,0.8525030612945557,0.008556700311601162,0.011327731165740276,168.1709966659546,1.9300496453435845,4221185,45,1,QM9,PharmaJEGNN,0,4444
QM9_PharmaJEGNN_0_456,0.7992277145385742,0.00797287467867136,0.012615901718931472,195.42900395393372,1.90772701242827,4221185,52,1,QM9,PharmaJEGNN,0,456
QM9_PharmaJEGNN_0_5555,0.8668545484542847,0.00919957272708416,0.012903687580475285,150.13499975204468,1.897661787198777,4221185,40,1,QM9,PharmaJEGNN,0,5555
QM9_PharmaJEGNN_0_6666,0.725092887878418,0.0177103653550148,0.020748375135398123,111.88499927520752,1.8980999502851785,4221185,30,1,QM9,PharmaJEGNN,0,6666
QM9_PharmaJEGNN_0_7777,0.8812093138694763,0.008711783215403557,0.011096770756141424,220.77499866485596,1.8957927152469751,4221185,59,1,QM9,PharmaJEGNN,0,7777
QM9_PharmaJEGNN_0_789,0.7791150212287903,0.026132933795452118,0.028731878422398792,113.81200337409973,1.914862815805559,4221185,30,1,QM9,PharmaJEGNN,0,789
QM9_PharmaJEGNN_0_8888,0.8211933374404907,0.009505080990493298,0.012956313066867014,131.0459988117218,1.9049065392353874,4221185,35,1,QM9,PharmaJEGNN,0,8888
QM9_PharmaJEGNN_0_9999,0.8403482437133789,0.013845068402588367,0.01689356934835498,112.31699872016907,1.904393825636553,4221185,30,1,QM9,PharmaJEGNN,0,9999
QM9_PharmaJEGNN_1_1024,0.7515133023262024,0.01152729894965887,0.01510485103623245,119.2960638999939,1.8916836308832128,4221185,32,1,QM9,PharmaJEGNN,1,1024
QM9_PharmaJEGNN_1_1111,0.7940334677696228,0.009756805375218391,0.01303509685970377,115.3059995174408,1.9135383599853109,4221185,31,1,QM9,PharmaJEGNN,1,1111
QM9_PharmaJEGNN_1_123,0.8344440460205078,0.0098856370896101,0.012806548353223191,167.5009970664978,1.902209877117418,4221185,45,1,QM9,PharmaJEGNN,1,123
QM9_PharmaJEGNN_1_1618,0.8198541402816772,0.010003915056586266,0.012378887768634122,141.0090000629425,1.904593729100169,4221185,38,1,QM9,PharmaJEGNN,1,1618
QM9_PharmaJEGNN_1_1729,0.8750244975090027,0.011229103431105614,0.01457287102526157,115.38099718093872,1.8974599126768363,4221185,31,1,QM9,PharmaJEGNN,1,1729
QM9_PharmaJEGNN_1_2048,0.8801034688949585,0.012954738922417164,0.015957922357601545,134.42499828338623,1.892326211792619,4221185,36,1,QM9,PharmaJEGNN,1,2048
QM9_PharmaJEGNN_1_2222,0.8162885904312134,0.013720489107072353,0.016013741091669233,127.8219985961914,1.9079287279938943,4221185,34,1,QM9,PharmaJEGNN,1,2222
QM9_PharmaJEGNN_1_271,0.7418948411941528,0.015356771647930145,0.01840167021369043,111.6439995765686,1.905273124292474,4221185,30,1,QM9,PharmaJEGNN,1,271
QM9_PharmaJEGNN_1_314,0.8697641491889954,0.009125025011599064,0.013088815020421895,138.079998254776,1.888525900073636,4221185,37,1,QM9,PharmaJEGNN,1,314
QM9_PharmaJEGNN_1_3141,0.7547512054443359,0.012681803666055202,0.01631265535431362,112.66699838638306,1.904660379483673,4221185,30,1,QM9,PharmaJEGNN,1,3141
QM9_PharmaJEGNN_1_3333,0.8574817180633545,0.008148795925080776,0.010464484325194251,153.09199810028076,1.9107276467102607,4221185,41,1,QM9,PharmaJEGNN,1,3333
QM9_PharmaJEGNN_1_42,0.7713379263877869,0.01340257003903389,0.017173422221479457,112.68499636650085,9.14612753612692,4221185,30,1,QM9,PharmaJEGNN,1,42
QM9_PharmaJEGNN_1_4444,0.7752004861831665,0.0107749467715621,0.01430772782937082,111.78099870681763,1.9012958306107126,4221185,30,1,QM9,PharmaJEGNN,1,4444
QM9_PharmaJEGNN_1_456,0.7868469953536987,0.010806737467646599,0.014739343577667263,137.77599835395813,1.9007934014855548,4221185,37,1,QM9,PharmaJEGNN,1,456
QM9_PharmaJEGNN_1_5555,0.8805017471313477,0.008565465919673443,0.012082067658651337,149.25699973106384,1.9205278440732718,4221185,40,1,QM9,PharmaJEGNN,1,5555
QM9_PharmaJEGNN_1_6666,0.7514498829841614,0.013363382779061794,0.01633287391978353,112.3639988899231,1.9173943699975913,4221185,30,1,QM9,PharmaJEGNN,1,6666
QM9_PharmaJEGNN_1_7777,0.7662373781204224,0.010549197904765606,0.013606874889146256,112.17099714279175,1.9040603352845593,4221185,30,1,QM9,PharmaJEGNN,1,7777
QM9_PharmaJEGNN_1_789,0.7857769131660461,0.025965392589569092,0.028565649268382377,112.06699991226196,1.8965618412799379,4221185,30,1,QM9,PharmaJEGNN,1,789
QM9_PharmaJEGNN_1_8888,0.8413770198822021,0.01237967424094677,0.015454857929757692,130.42299842834473,1.9216615841049967,4221185,35,1,QM9,PharmaJEGNN,1,8888
QM9_PharmaJEGNN_1_9999,0.8631905317306519,0.010813912376761436,0.013500970828381057,130.35099864006042,1.89079236281666,4221185,35,1,QM9,PharmaJEGNN,1,9999
QM9_PharmaJEGNN_2_1024,0.8364553451538086,0.008539066649973392,0.011062540514415164,172.83299469947815,2.036802466213405,4221185,44,1,QM9,PharmaJEGNN,2,1024
QM9_PharmaJEGNN_2_1111,0.7079375982284546,0.010656984522938728,0.014791608548001219,117.88400149345398,2.038069316264558,4221185,30,1,QM9,PharmaJEGNN,2,1111
QM9_PharmaJEGNN_2_123,0.8206348419189453,0.011552243493497372,0.014694227236447536,134.12699913978577,6.991778797241471,4221185,34,1,QM9,PharmaJEGNN,2,123
QM9_PharmaJEGNN_2_1618,0.7875794172286987,0.010772345587611198,0.013291008560030234,133.739999294281,2.0368023072570884,4221185,34,1,QM9,PharmaJEGNN,2,1618
QM9_PharmaJEGNN_2_1729,0.8834284543991089,0.010436835698783398,0.01309801234492343,129.27100038528442,2.035692585524785,4221185,33,1,QM9,PharmaJEGNN,2,1729
QM9_PharmaJEGNN_2_2048,0.8894851207733154,0.012788621708750725,0.015668893977753073,160.88899946212769,2.0446576740878593,4221185,41,1,QM9,PharmaJEGNN,2,2048
QM9_PharmaJEGNN_2_2222,0.7828370928764343,0.013209440745413303,0.015616551551529802,133.9179983139038,2.0464751647149604,4221185,34,1,QM9,PharmaJEGNN,2,2222
QM9_PharmaJEGNN_2_271,0.687424898147583,0.014721612446010113,0.01809681286062149,117.29299998283386,2.0551437043739926,4221185,30,1,QM9,PharmaJEGNN,2,271
QM9_PharmaJEGNN_2_314,0.8676210641860962,0.009316619485616684,0.013061164690599179,164.87199997901917,2.0342242901337464,4221185,42,1,QM9,PharmaJEGNN,2,314
QM9_PharmaJEGNN_2_3141,0.7789410948753357,0.011511539109051228,0.015216379835652835,117.6439995765686,2.0428027015613295,4221185,30,1,QM9,PharmaJEGNN,2,3141
QM9_PharmaJEGNN_2_3333,0.8475027084350586,0.008367259055376053,0.010781407893383471,173.34528017044067,2.045538085437996,4221185,44,1,QM9,PharmaJEGNN,2,3333
QM9_PharmaJEGNN_2_42,0.768868088722229,0.013997113332152367,0.01802962254016352,120.69299960136414,5.048703444751948,4221185,30,1,QM9,PharmaJEGNN,2,42
QM9_PharmaJEGNN_2_4444,0.8359458446502686,0.008806480094790459,0.01141504607170628,177.3649983406067,2.0426695279593754,4221185,45,1,QM9,PharmaJEGNN,2,4444
QM9_PharmaJEGNN_2_456,0.8301560282707214,0.0076233637519180775,0.011837372572850845,279.1670000553131,2.0449275660176256,4221185,71,1,QM9,PharmaJEGNN,2,456
QM9_PharmaJEGNN_2_5555,0.8637394905090332,0.009682315401732922,0.013001937181029788,158.00199913978577,2.1052490719891175,4221185,40,1,QM9,PharmaJEGNN,2,5555
QM9_PharmaJEGNN_2_6666,0.7479078769683838,0.019108617678284645,0.021896954438713083,117.71599888801575,2.0461476988073617,4221185,30,1,QM9,PharmaJEGNN,2,6666
QM9_PharmaJEGNN_2_7777,0.8162112832069397,0.009828749112784863,0.012740697112313855,137.00899982452393,2.0210013817815717,4221185,35,1,QM9,PharmaJEGNN,2,7777
QM9_PharmaJEGNN_2_789,0.8330092430114746,0.023710820823907852,0.02621223030441047,141.7739977836609,2.048006311433539,4221185,36,1,QM9,PharmaJEGNN,2,789
QM9_PharmaJEGNN_2_8888,0.8337866067886353,0.009834260679781437,0.013243266444291859,136.95634841918945,2.032547698385581,4221185,35,1,QM9,PharmaJEGNN,2,8888
QM9_PharmaJEGNN_2_9999,0.8495839238166809,0.012512017972767353,0.015251805614782005,137.2379982471466,2.0249367109957803,4221185,35,1,QM9,PharmaJEGNN,2,9999
QM9_PharmaJEGNN_3_1024,0.84825599193573,0.010285947471857071,0.012655889873362807,231.88334012031555,4.466000949939901,4221185,59,1,QM9,PharmaJEGNN,3,1024
QM9_PharmaJEGNN_3_1111,0.6981662511825562,0.010714927688241005,0.01491020334177998,114.46602296829224,4.196335446603993,4221185,30,1,QM9,PharmaJEGNN,3,1111
QM9_PharmaJEGNN_3_123,0.8570714592933655,0.00925704836845398,0.012053962287478048,176.03331422805786,9.278408975586949,4221185,46,1,QM9,PharmaJEGNN,3,123
QM9_PharmaJEGNN_3_1618,0.7759490013122559,0.010508334264159203,0.01312733053338293,113.37899804115295,4.098624969596293,4221185,30,1,QM9,PharmaJEGNN,3,1618
QM9_PharmaJEGNN_3_1729,0.8866118788719177,0.010593608021736145,0.013045395158492862,132.35899925231934,4.081504314695104,4221185,35,1,QM9,PharmaJEGNN,3,1729
QM9_PharmaJEGNN_3_2048,0.8583289384841919,0.011181343346834183,0.014374839233388337,123.30899596214294,4.333447620214978,4221185,32,1,QM9,PharmaJEGNN,3,2048
QM9_PharmaJEGNN_3_2222,0.7616926431655884,0.015408491715788841,0.01796144769228322,125.26899886131287,4.171710620379766,4221185,33,1,QM9,PharmaJEGNN,3,2222
QM9_PharmaJEGNN_3_271,0.7109682559967041,0.009166140109300613,0.013358933662143281,114.1383752822876,4.129549842149644,4221185,30,1,QM9,PharmaJEGNN,3,271
QM9_PharmaJEGNN_3_314,0.8781998157501221,0.00851720105856657,0.012426033073830792,183.31913900375366,4.126942184435819,4221185,48,1,QM9,PharmaJEGNN,3,314
QM9_PharmaJEGNN_3_3141,0.7966550588607788,0.010165020823478699,0.013707082621191954,137.68500089645386,4.296552477859136,4221185,36,1,QM9,PharmaJEGNN,3,3141
QM9_PharmaJEGNN_3_3333,0.7985239028930664,0.009340950287878513,0.012215949615384584,121.10600066184998,4.124915782624596,4221185,32,1,QM9,PharmaJEGNN,3,3333
QM9_PharmaJEGNN_3_42,0.7659198641777039,0.014095845632255077,0.018052561390980822,114.19299840927124,13.409001972516442,4221185,30,1,QM9,PharmaJEGNN,3,42
QM9_PharmaJEGNN_3_4444,0.8190160989761353,0.0089846421033144,0.011886596067573032,151.96233344078064,4.12254461942526,4221185,40,1,QM9,PharmaJEGNN,3,4444
QM9_PharmaJEGNN_3_456,0.7618318200111389,0.008897664025425911,0.013584502251932423,130.10799932479858,4.281951563851525,4221185,34,1,QM9,PharmaJEGNN,3,456
QM9_PharmaJEGNN_3_5555,0.8688399195671082,0.0106672877445817,0.014280932522699647,168.0079972743988,4.2254498096332735,4221185,44,1,QM9,PharmaJEGNN,3,5555
QM9_PharmaJEGNN_3_6666,0.7681061029434204,0.019267061725258827,0.02195501148867703,125.55000019073486,4.103584033305002,4221185,33,1,QM9,PharmaJEGNN,3,6666
QM9_PharmaJEGNN_3_7777,0.8130791187286377,0.009976831264793873,0.012635582819586015,148.08894658088684,4.217443855864076,4221185,39,1,QM9,PharmaJEGNN,3,7777
QM9_PharmaJEGNN_3_789,0.7057600021362305,0.018293505534529686,0.021878753786001914,116.94800019264221,4.280065727764821,4221185,30,1,QM9,PharmaJEGNN,3,789
QM9_PharmaJEGNN_3_8888,0.7966841459274292,0.010242202319204807,0.01364819943932676,155.4227204322815,4.129719760075306,4221185,41,1,QM9,PharmaJEGNN,3,8888
QM9_PharmaJEGNN_3_9999,0.8436857461929321,0.014052252285182476,0.016966187622557288,117.52551221847534,4.214924491361338,4221185,31,1,QM9,PharmaJEGNN,3,9999
QM9_PharmaJEGNN_4_1024,0.711663007736206,0.01017608679831028,0.013828495944699768,121.36899924278259,1.9772590355154944,4221185,31,1,QM9,PharmaJEGNN,4,1024
QM9_PharmaJEGNN_4_1111,0.7345325350761414,0.010908103547990322,0.014741423637874788,117.96399712562561,1.9673341846090928,4221185,30,1,QM9,PharmaJEGNN,4,1111
QM9_PharmaJEGNN_4_123,0.7825305461883545,0.0114800576120615,0.01499036146631945,153.79700684547424,1.9273472290069582,4221185,38,1,QM9,PharmaJEGNN,4,123
QM9_PharmaJEGNN_4_1618,0.7413358688354492,0.013606817461550236,0.0162353246731643,133.60499954223633,1.9799319177685168,4221185,34,1,QM9,PharmaJEGNN,4,1618
QM9_PharmaJEGNN_4_1729,0.8605464696884155,0.011345417238771915,0.014239204136284407,195.06499934196472,1.9584638816975413,4221185,49,1,QM9,PharmaJEGNN,4,1729
QM9_PharmaJEGNN_4_2048,0.8061467409133911,0.01739293336868286,0.020798521523567072,122.65699744224548,1.9788537170737734,4221185,31,1,QM9,PharmaJEGNN,4,2048
QM9_PharmaJEGNN_4_2222,0.767848789691925,0.012394857592880726,0.014919686269266895,155.94639611244202,2.009558418574544,4221185,40,1,QM9,PharmaJEGNN,4,2222
QM9_PharmaJEGNN_4_271,0.7430169582366943,0.013530024327337742,0.016595763182298516,144.74400115013123,1.9152762134978514,4221185,36,1,QM9,PharmaJEGNN,4,271
QM9_PharmaJEGNN_4_314,0.8311184644699097,0.010619822889566422,0.014839781329449691,123.5679988861084,1.9756142191349948,4221185,31,1,QM9,PharmaJEGNN,4,314
QM9_PharmaJEGNN_4_3141,0.7269338369369507,0.011841673403978348,0.015944342142310552,120.54099440574646,1.938971609057995,4221185,30,1,QM9,PharmaJEGNN,4,3141
QM9_PharmaJEGNN_4_3333,0.8095453977584839,0.009003130719065666,0.011835326193336888,166.15400099754333,1.9462729813345385,4221185,42,1,QM9,PharmaJEGNN,4,3333
QM9_PharmaJEGNN_4_42,0.720716118812561,0.01772122271358967,0.022344505140575337,118.65000176429749,1.9638924306532137,4221185,30,1,QM9,PharmaJEGNN,4,42
QM9_PharmaJEGNN_4_4444,0.7662160396575928,0.01001815963536501,0.013319118613529978,157.46199798583984,1.8698580384739272,4221185,39,1,QM9,PharmaJEGNN,4,4444
QM9_PharmaJEGNN_4_456,0.8063769340515137,0.01007937267422676,0.01376417786019463,203.64299535751343,1.9430654813022692,4221185,51,1,QM9,PharmaJEGNN,4,456
QM9_PharmaJEGNN_4_5555,0.8326311111450195,0.010160013101994991,0.013937022954514409,178.2159993648529,1.8872592725613266,4221185,44,1,QM9,PharmaJEGNN,4,5555
QM9_PharmaJEGNN_4_6666,0.6249172687530518,0.018465286120772362,0.02209519417410192,119.28099822998047,1.955582734878655,4221185,30,1,QM9,PharmaJEGNN,4,6666
QM9_PharmaJEGNN_4_7777,0.7747389078140259,0.010934405028820038,0.013973242332463347,140.0300009250641,1.9614127439072517,4221185,35,1,QM9,PharmaJEGNN,4,7777
QM9_PharmaJEGNN_4_789,0.7618840336799622,0.024986710399389267,0.02796769956662039,141.3140001296997,1.9202613379130467,4221185,35,1,QM9,PharmaJEGNN,4,789
QM9_PharmaJEGNN_4_8888,0.769559383392334,0.011533237062394619,0.015434698361828349,118.22099995613098,2.013775625024782,4221185,30,1,QM9,PharmaJEGNN,4,8888
QM9_PharmaJEGNN_4_9999,0.8147636651992798,0.01415062602609396,0.01738355911585611,118.98200130462646,1.977485866179124,4221185,30,1,QM9,PharmaJEGNN,4,9999
QM9_SchNet_0_1024,0.5516317486763,0.01129135675728321,0.015512703645516025,277.9230010509491,1.9200289596739717,1643009,80,0,QM9,SchNet,0,1024
QM9_SchNet_0_1111,0.5748218297958374,0.01226979959756136,0.01709689182312871,274.84399914741516,1.9206037775056586,1643009,80,0,QM9,SchNet,0,1111
QM9_SchNet_0_123,0.5524647831916809,0.013530457392334938,0.018515842646212945,173.26000094413757,1.922196631066298,1643009,50,1,QM9,SchNet,0,123
QM9_SchNet_0_1618,0.5465700626373291,0.012062428519129753,0.016499963160958222,176.52899861335754,1.9283972308511568,1643009,51,1,QM9,SchNet,0,1618
QM9_SchNet_0_1729,0.6699164509773254,0.01566416397690773,0.020999310075236727,211.28500080108643,1.925800218447994,1643009,61,1,QM9,SchNet,0,1729
QM9_SchNet_0_2048,0.6082736849784851,0.014964623376727104,0.02025096635739583,103.62499833106995,1.9110777162060641,1643009,30,1,QM9,SchNet,0,2048
QM9_SchNet_0_2222,0.4854305386543274,0.012017486616969109,0.016212199489465395,148.19799828529358,1.9084730738997102,1643009,43,1,QM9,SchNet,0,2222
QM9_SchNet_0_271,0.3138618469238281,0.01432755310088396,0.020311512401533244,134.57800006866455,1.961245633131727,1643009,39,1,QM9,SchNet,0,271
QM9_SchNet_0_314,0.6257418394088745,0.014518155716359615,0.020529087418616476,276.0819981098175,1.9006278961688265,1643009,80,0,QM9,SchNet,0,314
QM9_SchNet_0_3141,0.38911598920822144,0.014644131995737553,0.02068234085844208,138.28299832344055,1.9156039655268196,1643009,40,1,QM9,SchNet,0,3141
QM9_SchNet_0_3333,0.5513991713523865,0.011818909086287022,0.016672431922198173,152.414856672287,1.9021280623013215,1643009,44,1,QM9,SchNet,0,3333
QM9_SchNet_0_42,0.5861374139785767,0.013340270146727562,0.018215380362955415,227.73652935028076,1.9057271194279977,1643009,66,1,QM9,SchNet,0,42
QM9_SchNet_0_4444,0.5489963293075562,0.012568212114274502,0.01745928637727417,278.33980917930603,1.9042652299765135,1643009,80,0,QM9,SchNet,0,4444
QM9_SchNet_0_456,0.439081072807312,0.013324890285730362,0.019667999785824015,277.829998254776,1.913927739378182,1643009,80,0,QM9,SchNet,0,456
QM9_SchNet_0_5555,0.560655415058136,0.015079579316079617,0.020765532230163874,276.31299924850464,1.9046603159011464,1643009,80,0,QM9,SchNet,0,5555
QM9_SchNet_0_6666,0.4594663977622986,0.013044639490544796,0.017612314750387194,275.56481766700745,1.9133275998052783,1643009,80,0,QM9,SchNet,0,6666
QM9_SchNet_0_7777,0.5347068309783936,0.012449142523109913,0.016909415759488414,275.70399808883667,1.9157634463991529,1643009,80,0,QM9,SchNet,0,7777
QM9_SchNet_0_789,0.6249803304672241,0.012365063652396202,0.01697407063603792,246.00599837303162,1.9606151170067425,1643009,71,1,QM9,SchNet,0,789
QM9_SchNet_0_8888,0.5516773462295532,0.012335626408457756,0.017931933074099987,277.31799578666687,1.8957931126377663,1643009,80,0,QM9,SchNet,0,8888
QM9_SchNet_0_9999,0.642099142074585,0.0131435701623559,0.01798244325797719,276.6567792892456,1.907993931874918,1643009,80,0,QM9,SchNet,0,9999
QM9_SchNet_1_1024,0.7258679866790771,0.009560707956552505,0.012796018028668437,280.6375775337219,1.9212614274738677,1643009,80,0,QM9,SchNet,1,1024
QM9_SchNet_1_1111,0.7421214580535889,0.010448018088936806,0.014078561853789787,274.879243850708,1.9099940315184016,1643009,80,0,QM9,SchNet,1,1111
QM9_SchNet_1_123,0.7479398846626282,0.011121084913611412,0.015013849810938727,272.32499504089355,1.9075171582992414,1643009,80,0,QM9,SchNet,1,123
QM9_SchNet_1_1618,0.7468076944351196,0.009620137512683868,0.01277379446759419,262.125999212265,1.9627367228585502,1643009,76,1,QM9,SchNet,1,1618
QM9_SchNet_1_1729,0.8046398162841797,0.012342117726802826,0.016437313178434457,103.38923811912537,1.90258509350249,1643009,30,1,QM9,SchNet,1,1729
QM9_SchNet_1_2048,0.7838221788406372,0.011533345095813274,0.015746172058745418,185.49884915351868,1.9089942598702137,1643009,53,1,QM9,SchNet,1,2048
QM9_SchNet_1_2222,0.6215132474899292,0.01114754006266594,0.014893085244409084,116.75899839401245,1.905193677925493,1643009,34,1,QM9,SchNet,1,2222
QM9_SchNet_1_271,0.6391143202781677,0.010125028900802135,0.014868074625901949,264.94999980926514,1.9059159277407232,1643009,77,1,QM9,SchNet,1,271
QM9_SchNet_1_314,0.698939859867096,0.012907179072499275,0.01854902890152855,226.11399865150452,1.9197014937663732,1643009,66,1,QM9,SchNet,1,314
QM9_SchNet_1_3141,0.679535984992981,0.01173572801053524,0.016150343421108635,225.1092324256897,1.9141942614340386,1643009,64,1,QM9,SchNet,1,3141
QM9_SchNet_1_3333,0.7263666987419128,0.00990829523652792,0.013649184586449894,165.61499881744385,1.9149278130433711,1643009,48,1,QM9,SchNet,1,3333
QM9_SchNet_1_42,0.7374855279922485,0.011279074475169182,0.015413899734534827,273.43699955940247,1.9017267134978189,1643009,80,0,QM9,SchNet,1,42
QM9_SchNet_1_4444,0.6618270874023438,0.01731640286743641,0.021012835287551653,215.71799874305725,1.904593697308906,1643009,63,1,QM9,SchNet,1,4444
QM9_SchNet_1_456,0.5044453740119934,0.013475627638399601,0.019675721853627412,202.16248416900635,1.9114604512249058,1643009,57,1,QM9,SchNet,1,456
QM9_SchNet_1_5555,0.6323015093803406,0.014243078418076038,0.019578385844789655,180.03199863433838,1.9083651425608144,1643009,52,1,QM9,SchNet,1,5555
QM9_SchNet_1_6666,0.6552361249923706,0.01060979813337326,0.014324186200625585,274.2879981994629,1.9068605415470894,1643009,80,0,QM9,SchNet,1,6666
QM9_SchNet_1_7777,0.7435868978500366,0.010201108641922474,0.013398030328055005,276.63699650764465,1.9017045073004053,1643009,80,0,QM9,SchNet,1,7777
QM9_SchNet_1_789,0.7261203527450562,0.011055122129619122,0.014924381352842906,126.98799896240234,1.9623795798066632,1643009,36,1,QM9,SchNet,1,789
QM9_SchNet_1_8888,0.6952716112136841,0.010811864398419857,0.015381624755283978,251.96899914741516,1.9185493624888306,1643009,73,1,QM9,SchNet,1,8888
QM9_SchNet_1_9999,0.7567940950393677,0.011573776602745056,0.015421475038709448,269.13480973243713,1.909260257370226,1643009,77,1,QM9,SchNet,1,9999
QM9_SchNet_2_1024,0.583724856376648,0.011124718934297562,0.014989353792438851,103.18899893760681,2.0346872663011517,1643009,30,1,QM9,SchNet,2,1024
QM9_SchNet_2_1111,0.7251605987548828,0.010706075467169285,0.014403648786189448,275.30599665641785,2.038126333895282,1643009,80,0,QM9,SchNet,2,1111
QM9_SchNet_2_123,0.6483064889907837,0.013094532303512096,0.01743745062543987,105.83299899101257,2.0367982220797547,1643009,31,1,QM9,SchNet,2,123
QM9_SchNet_2_1618,0.6309189796447754,0.011181228794157505,0.014918024180374988,103.33799958229065,2.0705421683517913,1643009,30,1,QM9,SchNet,2,1618
QM9_SchNet_2_1729,0.8723317980766296,0.010610121302306652,0.013561239121832004,264.45399951934814,2.036107970171034,1643009,77,1,QM9,SchNet,2,1729
QM9_SchNet_2_2048,0.7925109267234802,0.011779370717704296,0.015807774993211083,276.21099877357483,2.0376691119465336,1643009,80,0,QM9,SchNet,2,2048
QM9_SchNet_2_2222,0.7240438461303711,0.009456179104745388,0.012566893558047871,244.74899983406067,2.0378692220533616,1643009,71,1,QM9,SchNet,2,2222
QM9_SchNet_2_271,0.6419945955276489,0.010234078392386436,0.014569901997987505,265.5367097854614,9.38305849074936,1643009,77,1,QM9,SchNet,2,271
QM9_SchNet_2_314,0.7555646300315857,0.011984921991825104,0.017165399323584084,278.95465564727783,2.0304687246178554,1643009,80,0,QM9,SchNet,2,314
QM9_SchNet_2_3141,0.6226499080657959,0.01279590092599392,0.017279346582143525,274.73399686813354,2.0352689828369743,1643009,80,0,QM9,SchNet,2,3141
QM9_SchNet_2_3333,0.714508056640625,0.010262682102620602,0.013929931580085392,241.5849986076355,2.0453372600277437,1643009,70,1,QM9,SchNet,2,3333
QM9_SchNet_2_42,0.7483035326004028,0.011351250112056732,0.015152286303582913,202.9320011138916,2.0316706569093537,1643009,59,1,QM9,SchNet,2,42
QM9_SchNet_2_4444,0.6726046800613403,0.011831232346594334,0.015590013882801436,275.48255586624146,2.0469905487799123,1643009,80,0,QM9,SchNet,2,4444
QM9_SchNet_2_456,0.5615094900131226,0.012256354093551636,0.01766227820887427,274.0699996948242,2.0312021013752397,1643009,80,0,QM9,SchNet,2,456
QM9_SchNet_2_5555,0.7122151255607605,0.012609029188752174,0.017499698252875742,274.0949990749359,2.041219353588416,1643009,80,0,QM9,SchNet,2,5555
QM9_SchNet_2_6666,0.6452442407608032,0.011144612915813923,0.014434980286659783,276.47099924087524,2.0357372681453505,1643009,80,0,QM9,SchNet,2,6666
QM9_SchNet_2_7777,0.7153295278549194,0.01144278421998024,0.014378552444101982,268.13400077819824,2.030935436258698,1643009,78,1,QM9,SchNet,2,7777
QM9_SchNet_2_789,0.6724796295166016,0.011913702823221684,0.016258402644128533,155.1315529346466,2.0357046185179435,1643009,45,1,QM9,SchNet,2,789
QM9_SchNet_2_8888,0.7161049842834473,0.010728022083640099,0.014864347622648138,273.88858294487,2.066295602669898,1643009,80,0,QM9,SchNet,2,8888
QM9_SchNet_2_9999,0.806132435798645,0.010658401064574718,0.013908943880738255,274.8714678287506,2.075421157634467,1643009,80,0,QM9,SchNet,2,9999
QM9_SchNet_3_1024,0.6370457410812378,0.010866338387131691,0.014431597207972475,281.0230393409729,4.171835535959184,1643009,80,0,QM9,SchNet,3,1024
QM9_SchNet_3_1111,0.7219967842102051,0.01048727985471487,0.014456724772938565,282.1507933139801,4.223849019433698,1643009,80,0,QM9,SchNet,3,1111
QM9_SchNet_3_123,0.7250190377235413,0.011608920991420746,0.015393660531614556,274.6446342468262,4.1393696085163425,1643009,80,0,QM9,SchNet,3,123
QM9_SchNet_3_1618,0.7405636310577393,0.00981026329100132,0.012876491266913287,273.37700033187866,4.0980409780275675,1643009,80,0,QM9,SchNet,3,1618
QM9_SchNet_3_1729,0.867550253868103,0.011400255374610424,0.014700775226466194,269.81887125968933,4.09712439895129,1643009,79,1,QM9,SchNet,3,1729
QM9_SchNet_3_2048,0.6827831864356995,0.01432650163769722,0.01911361516548373,167.88207507133484,4.109033258271325,1643009,44,1,QM9,SchNet,3,2048
QM9_SchNet_3_2222,0.6624284982681274,0.010275060310959816,0.013600485010382742,203.6520640850067,4.268042536512172,1643009,57,1,QM9,SchNet,3,2222
QM9_SchNet_3_271,0.6276852488517761,0.010552683845162392,0.01482253428986134,272.80799984931946,4.09332917102704,1643009,80,0,QM9,SchNet,3,271
QM9_SchNet_3_314,0.7229816913604736,0.012834884226322174,0.01815364289478107,304.2720355987549,4.0916687628528186,1643009,80,0,QM9,SchNet,3,314
QM9_SchNet_3_3141,0.6595309972763062,0.012241608463227749,0.016596375208960353,326.01925468444824,4.5079110184838935,1643009,80,0,QM9,SchNet,3,3141
QM9_SchNet_3_3333,0.7410235404968262,0.009765522554516792,0.01322397036058581,283.24373865127563,4.197184948797329,1643009,80,0,QM9,SchNet,3,3333
QM9_SchNet_3_42,0.5353609323501587,0.01383140217512846,0.019000284487163427,103.20917105674744,4.086333435221109,1643009,30,1,QM9,SchNet,3,42
QM9_SchNet_3_4444,0.648787260055542,0.012400145642459393,0.016326545996611524,269.9659974575043,4.044229347282306,1643009,80,0,QM9,SchNet,3,4444
QM9_SchNet_3_456,0.5491192936897278,0.012883175164461136,0.018442560192039888,278.9852509498596,4.095415984603315,1643009,80,0,QM9,SchNet,3,456
QM9_SchNet_3_5555,0.6747323274612427,0.013457396999001503,0.018415266833181575,282.2118456363678,4.09249878693041,1643009,80,0,QM9,SchNet,3,5555
QM9_SchNet_3_6666,0.610381007194519,0.012340577319264412,0.01592183442802005,291.3767945766449,4.218745990078622,1643009,80,0,QM9,SchNet,3,6666
QM9_SchNet_3_7777,0.7298653721809387,0.010623166337609291,0.013695953232426955,275.4205265045166,4.160375886849059,1643009,80,0,QM9,SchNet,3,7777
QM9_SchNet_3_789,0.7460507154464722,0.011275715194642544,0.014650682436263454,265.640602350235,4.162737136213534,1643009,75,1,QM9,SchNet,3,789
QM9_SchNet_3_8888,0.7077614665031433,0.011065717786550522,0.015157709545316072,270.48095655441284,4.084088023996317,1643009,80,0,QM9,SchNet,3,8888
QM9_SchNet_3_9999,0.7853782176971436,0.010939547792077065,0.014582044423498728,277.4866349697113,4.190752600381469,1643009,80,0,QM9,SchNet,3,9999
QM9_SchNet_4_1024,0.4717516303062439,0.01224250067025423,0.016480722204858005,133.73899936676025,1.9783319270692672,1643009,37,1,QM9,SchNet,4,1024
QM9_SchNet_4_1111,0.47045427560806274,0.013259557075798512,0.01866856173897353,108.31799912452698,1.9441962965377706,1643009,30,1,QM9,SchNet,4,1111
QM9_SchNet_4_123,0.46449679136276245,0.014348922297358513,0.019720991688850234,119.72599816322327,1.926849489093137,1643009,33,1,QM9,SchNet,4,123
QM9_SchNet_4_1618,0.4805416762828827,0.012540705502033234,0.01717587004385495,108.05699706077576,1.9868896264888118,1643009,30,1,QM9,SchNet,4,1618
QM9_SchNet_4_1729,0.6340982913970947,0.017002901062369347,0.02291056873481921,109.07799911499023,1.9469101577291839,1643009,30,1,QM9,SchNet,4,1729
QM9_SchNet_4_2048,0.4803278148174286,0.016506964340806007,0.02247586091432963,108.55600047111511,1.980749064504691,1643009,30,1,QM9,SchNet,4,2048
QM9_SchNet_4_2222,0.43077728152275085,0.012909148819744587,0.016963448762358665,107.29899859428406,2.0151757917385735,1643009,30,1,QM9,SchNet,4,2222
QM9_SchNet_4_271,0.453402578830719,0.012299652211368084,0.017284129369535203,110.29700183868408,1.923472652896912,1643009,30,1,QM9,SchNet,4,271
QM9_SchNet_4_314,0.5795680284500122,0.014853272587060928,0.02146267404537256,127.55600023269653,1.9637681586049829,1643009,35,1,QM9,SchNet,4,314
QM9_SchNet_4_3141,0.24628262221813202,0.016284115612506866,0.022657215780194202,109.22699689865112,1.9247522353490152,1643009,30,1,QM9,SchNet,4,3141
QM9_SchNet_4_3333,0.4905576705932617,0.012427876703441143,0.01748176911514849,109.05216956138611,1.9575305061027506,1643009,30,1,QM9,SchNet,4,3333
QM9_SchNet_4_42,0.47217249870300293,0.01472910400480032,0.020056211926539513,126.33899879455566,1.9745275778598457,1643009,35,1,QM9,SchNet,4,42
QM9_SchNet_4_4444,0.43566539883613586,0.01505719218403101,0.021188077934445916,109.8979983329773,1.8821525783552806,1643009,30,1,QM9,SchNet,4,4444
QM9_SchNet_4_456,0.34820133447647095,0.013942818157374859,0.021294902325367293,110.18300414085388,1.9411838359058329,1643009,30,1,QM9,SchNet,4,456
QM9_SchNet_4_5555,0.5990228652954102,0.014331329613924026,0.01986905934891745,119.90000009536743,1.8810128138791609,1643009,33,1,QM9,SchNet,4,5555
QM9_SchNet_4_6666,0.3517388105392456,0.014177447184920311,0.018626358558422946,168.45916533470154,1.9732276648948635,1643009,46,1,QM9,SchNet,4,6666
QM9_SchNet_4_7777,0.4606337547302246,0.012893053703010082,0.017723658236685518,116.87800097465515,1.9528424074605462,1643009,32,1,QM9,SchNet,4,7777
QM9_SchNet_4_789,0.49640020728111267,0.013692386448383331,0.018985126294322804,138.56299829483032,1.9153808385453643,1643009,38,1,QM9,SchNet,4,789
QM9_SchNet_4_8888,0.467430055141449,0.013047062791883945,0.01902080814516957,110.15199685096741,2.0439363939061597,1643009,30,1,QM9,SchNet,4,8888
QM9_SchNet_4_9999,0.5515046119689941,0.014603848569095135,0.019962263043457874,113.05199837684631,1.983841543746349,1643009,31,1,QM9,SchNet,4,9999
QM9_Uni-Mol_0_1024,0.5752037763595581,0.011686696670949459,0.015427280472923738,310.8920056819916,9.0778908162715,3200649,56,1,QM9,Uni-Mol,0,1024
QM9_Uni-Mol_0_1111,0.5177013874053955,0.012623812071979046,0.017784880429926878,165.23900079727173,1.9141407249466451,3200649,30,1,QM9,Uni-Mol,0,1111
QM9_Uni-Mol_0_123,0.5895519852638245,0.014038600958883762,0.018893043718631743,227.2669961452484,1.9137190138390003,3200649,41,1,QM9,Uni-Mol,0,123
QM9_Uni-Mol_0_1618,0.6622143983840942,0.01087166741490364,0.014887101796362656,210.5610008239746,1.903449911237979,3200649,38,1,QM9,Uni-Mol,0,1618
QM9_Uni-Mol_0_1729,0.6373628973960876,0.017499523237347603,0.023260646390179135,165.38100028038025,1.9219281856390116,3200649,30,1,QM9,Uni-Mol,0,1729
QM9_Uni-Mol_0_2048,0.3784559369087219,0.017700092867016792,0.024355540468573803,167.80900073051453,1.9106624746205003,3200649,30,1,QM9,Uni-Mol,0,2048
QM9_Uni-Mol_0_2222,0.6156736016273499,0.010582423768937588,0.014342377006354315,354.6719994544983,1.9128607133124875,3200649,64,1,QM9,Uni-Mol,0,2222
QM9_Uni-Mol_0_271,0.4328620433807373,0.01325901784002781,0.01764839748869435,165.14200067520142,1.8920594830935507,3200649,30,1,QM9,Uni-Mol,0,271
QM9_Uni-Mol_0_314,0.6253383159637451,0.015167583711445332,0.02149942667355756,425.4759998321533,1.9123940493585396,3200649,77,1,QM9,Uni-Mol,0,314
QM9_Uni-Mol_0_3141,0.35847413539886475,0.015060676261782646,0.020536821573529134,164.8420011997223,1.911980429127404,3200649,30,1,QM9,Uni-Mol,0,3141
QM9_Uni-Mol_0_3333,0.5906233191490173,0.01189100369811058,0.016083247740263054,238.2879991531372,1.9272619330475302,3200649,43,1,QM9,Uni-Mol,0,3333
QM9_Uni-Mol_0_42,0.6489593982696533,0.013013307936489582,0.01777422239724114,343.6890013217926,1.9847996370483536,3200649,62,1,QM9,Uni-Mol,0,42
QM9_Uni-Mol_0_4444,0.5382865071296692,0.013746742159128189,0.018299605756490936,248.7830045223236,1.9169161022325398,3200649,45,1,QM9,Uni-Mol,0,4444
QM9_Uni-Mol_0_456,0.40113094449043274,0.013608009554445744,0.019610637762105927,166.17700052261353,1.8877258411414846,3200649,30,1,QM9,Uni-Mol,0,456
QM9_Uni-Mol_0_5555,0.6063089370727539,0.015016067773103714,0.020166143002465702,165.42700028419495,1.9007292785074832,3200649,30,1,QM9,Uni-Mol,0,5555
QM9_Uni-Mol_0_6666,0.5162887573242188,0.011949282139539719,0.016174516136807596,322.11699962615967,1.962535547744402,3200649,58,1,QM9,Uni-Mol,0,6666
QM9_Uni-Mol_0_7777,0.6232414245605469,0.011905182152986526,0.015743179358077453,216.27199935913086,1.8881259182944552,3200649,39,1,QM9,Uni-Mol,0,7777
QM9_Uni-Mol_0_789,0.6626789569854736,0.012371799908578396,0.017146886415164483,307.54464292526245,1.9037269562019874,3200649,55,1,QM9,Uni-Mol,0,789
QM9_Uni-Mol_0_8888,0.6330612897872925,0.011677602306008339,0.01667766972303787,216.51300144195557,1.9151358709660233,3200649,39,1,QM9,Uni-Mol,0,8888
QM9_Uni-Mol_0_9999,0.5885230898857117,0.015268910676240921,0.0205883505300939,165.503999710083,1.9156610467400708,3200649,30,1,QM9,Uni-Mol,0,9999
QM9_Uni-Mol_1_1024,0.5805789232254028,0.011505159549415112,0.015543009170135494,177.64375257492065,1.9613308178217335,3200649,30,1,QM9,Uni-Mol,1,1024
QM9_Uni-Mol_1_1111,0.5161617994308472,0.012641649693250656,0.017827773712725554,189.5244824886322,2.043346046042352,3200649,30,1,QM9,Uni-Mol,1,1111
QM9_Uni-Mol_1_123,0.6081804037094116,0.013686353340744972,0.01833349062005941,257.43348240852356,2.0337111473528573,3200649,42,1,QM9,Uni-Mol,1,123
QM9_Uni-Mol_1_1618,0.6709761619567871,0.011054450646042824,0.01499961812106317,222.6080026626587,1.9407094625705352,3200649,38,1,QM9,Uni-Mol,1,1618
QM9_Uni-Mol_1_1729,0.5894479155540466,0.020193351432681084,0.027141091455764963,176.11400079727173,1.934328749383463,3200649,30,1,QM9,Uni-Mol,1,1729
QM9_Uni-Mol_1_2048,0.5623548030853271,0.01870933547616005,0.024971059582940533,176.55099987983704,1.9201281007285658,3200649,30,1,QM9,Uni-Mol,1,2048
QM9_Uni-Mol_1_2222,0.4404497444629669,0.012868359684944153,0.016763981295626375,189.24299883842468,2.2517512564548166,3200649,30,1,QM9,Uni-Mol,1,2222
QM9_Uni-Mol_1_271,0.46782606840133667,0.011990157887339592,0.016786491121632083,174.7440004348755,1.9225948484303657,3200649,30,1,QM9,Uni-Mol,1,271
QM9_Uni-Mol_1_314,0.6220495700836182,0.015291106887161732,0.021409897920888852,239.91730380058289,1.9244637137389562,3200649,41,1,QM9,Uni-Mol,1,314
QM9_Uni-Mol_1_3141,0.36390700936317444,0.015021027065813541,0.020503956284591868,189.79128050804138,1.9315691882510593,3200649,30,1,QM9,Uni-Mol,1,3141
QM9_Uni-Mol_1_3333,0.6236860752105713,0.011455406434834003,0.015531573529202999,267.9669985771179,2.0051695710937616,3200649,43,1,QM9,Uni-Mol,1,3333
QM9_Uni-Mol_1_42,0.6374286413192749,0.012854769825935364,0.01756423162725551,349.5824248790741,1.9093938601542348,3200649,62,1,QM9,Uni-Mol,1,42
QM9_Uni-Mol_1_4444,0.5484306812286377,0.014410387724637985,0.018957441173816477,184.53809022903442,2.219148091979325,3200649,30,1,QM9,Uni-Mol,1,4444
QM9_Uni-Mol_1_456,0.30221182107925415,0.014548064209520817,0.020818008449464125,186.02088022232056,2.0733689680060703,3200649,30,1,QM9,Uni-Mol,1,456
QM9_Uni-Mol_1_5555,0.5858702659606934,0.014661913737654686,0.02011101596803408,187.00321221351624,2.1036068465965765,3200649,30,1,QM9,Uni-Mol,1,5555
QM9_Uni-Mol_1_6666,0.49923235177993774,0.012221068143844604,0.016536313572416438,372.24073338508606,2.0488796651232235,3200649,60,1,QM9,Uni-Mol,1,6666
QM9_Uni-Mol_1_7777,0.6307099461555481,0.012120389379560947,0.015892748511944454,240.52099895477295,2.1135247829032107,3200649,39,1,QM9,Uni-Mol,1,7777
QM9_Uni-Mol_1_789,0.6434876918792725,0.012449237518012524,0.017242067890212567,345.8050000667572,2.2928959227012027,3200649,57,1,QM9,Uni-Mol,1,789
QM9_Uni-Mol_1_8888,0.5880649089813232,0.012049970217049122,0.01722031161885501,175.83499932289124,1.97745507634062,3200649,30,1,QM9,Uni-Mol,1,8888
QM9_Uni-Mol_1_9999,0.6533661484718323,0.0138798076659441,0.01898413213036837,328.73117780685425,2.1573511057912893,3200649,53,1,QM9,Uni-Mol,1,9999
QM9_Uni-Mol_2_1024,0.4497620463371277,0.011946693062782288,0.016519674127339266,167.58499717712402,2.0348023188830267,3200649,30,1,QM9,Uni-Mol,2,1024
QM9_Uni-Mol_2_1111,0.5336637496948242,0.013094368390738964,0.018194701582417507,167.96712112426758,2.4240272380056456,3200649,30,1,QM9,Uni-Mol,2,1111
QM9_Uni-Mol_2_123,0.48521849513053894,0.0150164058431983,0.02030228116477789,166.56900024414062,2.0778043102094257,3200649,30,1,QM9,Uni-Mol,2,123
QM9_Uni-Mol_2_1618,0.5200765132904053,0.012856441549956799,0.01703777128640643,193.05104041099548,2.6429761321602347,3200649,30,1,QM9,Uni-Mol,2,1618
QM9_Uni-Mol_2_1729,0.6431567668914795,0.016685185953974724,0.021935739897331392,170.79599928855896,2.2919174353037923,3200649,30,1,QM9,Uni-Mol,2,1729
QM9_Uni-Mol_2_2048,0.45726996660232544,0.017047839239239693,0.023093082085695285,167.41185808181763,2.0519366812106727,3200649,30,1,QM9,Uni-Mol,2,2048
QM9_Uni-Mol_2_2222,0.3826562762260437,0.012601056136190891,0.016678683582397165,174.53958582878113,8.626087227378878,3200649,30,1,QM9,Uni-Mol,2,2222
QM9_Uni-Mol_2_271,0.4406377971172333,0.012258985079824924,0.017272148855153557,196.7019979953766,2.2294820169662106,3200649,30,1,QM9,Uni-Mol,2,271
QM9_Uni-Mol_2_314,0.6130696535110474,0.015187683515250683,0.02136830926701715,169.49647521972656,2.073965467479326,3200649,30,1,QM9,Uni-Mol,2,314
QM9_Uni-Mol_2_3141,0.2833566963672638,0.016160257160663605,0.021608864384808697,167.80799984931946,2.0580037258984176,3200649,30,1,QM9,Uni-Mol,2,3141
QM9_Uni-Mol_2_3333,0.481442928314209,0.012687092646956444,0.01758296803806534,208.03628206253052,2.429181491941585,3200649,30,1,QM9,Uni-Mol,2,3333
QM9_Uni-Mol_2_42,0.42163407802581787,0.015526176430284977,0.021296057159023715,346.69999861717224,2.0351374941719746,3200649,62,1,QM9,Uni-Mol,2,42
QM9_Uni-Mol_2_4444,0.5334299802780151,0.013470498844981194,0.01835016018724449,165.99981880187988,2.0690046156936583,3200649,30,1,QM9,Uni-Mol,2,4444
QM9_Uni-Mol_2_456,0.3497714400291443,0.01433224231004715,0.019978953880437432,167.81300258636475,2.03400221226398,3200649,30,1,QM9,Uni-Mol,2,456
QM9_Uni-Mol_2_5555,0.5393893718719482,0.01651010848581791,0.022167594104071337,167.17300128936768,2.057609355277209,3200649,30,1,QM9,Uni-Mol,2,5555
QM9_Uni-Mol_2_6666,0.3042064905166626,0.013458427041769028,0.018136405975915645,168.99240708351135,2.0461586191063046,3200649,30,1,QM9,Uni-Mol,2,6666
QM9_Uni-Mol_2_7777,0.383819043636322,0.013959411531686783,0.01842061340341244,167.84795594215393,2.02255826352779,3200649,30,1,QM9,Uni-Mol,2,7777
QM9_Uni-Mol_2_789,0.4813985824584961,0.01399766281247139,0.019374829010824202,167.62099933624268,2.034402321208214,3200649,30,1,QM9,Uni-Mol,2,789
QM9_Uni-Mol_2_8888,0.464536190032959,0.01300530880689621,0.018871330120874146,176.37096786499023,2.041536089944652,3200649,30,1,QM9,Uni-Mol,2,8888
QM9_Uni-Mol_2_9999,0.53572678565979,0.015536152757704258,0.020975096871589393,167.36599850654602,2.023201527949357,3200649,30,1,QM9,Uni-Mol,2,9999
QM9_Uni-Mol_3_1024,0.44570285081863403,0.011958148330450058,0.016653923250022278,172.65199971199036,4.0823577338859325,3200649,30,1,QM9,Uni-Mol,3,1024
QM9_Uni-Mol_3_1111,0.5378526449203491,0.013944365084171295,0.019142985563298447,272.0919985771179,4.0626873175195355,3200649,47,1,QM9,Uni-Mol,3,1111
QM9_Uni-Mol_3_123,0.45947128534317017,0.01519089750945568,0.020405662534737003,173.23046016693115,4.077350749691368,3200649,30,1,QM9,Uni-Mol,3,123
QM9_Uni-Mol_3_1618,0.4897862374782562,0.013593284413218498,0.017710331776724847,174.91199898719788,4.060421112223007,3200649,30,1,QM9,Uni-Mol,3,1618
QM9_Uni-Mol_3_1729,0.545931875705719,0.018990790471434593,0.025199213345130433,173.52700304985046,4.066816877351919,3200649,30,1,QM9,Uni-Mol,3,1729
QM9_Uni-Mol_3_2048,0.4880823493003845,0.017626678571105003,0.024239199987515964,173.06830716133118,4.07879809356617,3200649,30,1,QM9,Uni-Mol,3,2048
QM9_Uni-Mol_3_2222,0.40107953548431396,0.013003557920455933,0.016994166772765516,174.3754744529724,4.06055595631291,3200649,30,1,QM9,Uni-Mol,3,2222
QM9_Uni-Mol_3_271,0.40654706954956055,0.012327881529927254,0.01732915236728172,174.24500107765198,4.084185297350442,3200649,30,1,QM9,Uni-Mol,3,271
QM9_Uni-Mol_3_314,0.6006656885147095,0.015318975783884525,0.021694783349524654,174.10400366783142,4.056447059639626,3200649,30,1,QM9,Uni-Mol,3,314
QM9_Uni-Mol_3_3141,0.3358042538166046,0.015900958329439163,0.021112668695041952,173.4629988670349,4.060579211318157,3200649,30,1,QM9,Uni-Mol,3,3141
QM9_Uni-Mol_3_3333,0.4869120717048645,0.012713557109236717,0.017408441083893743,173.36829543113708,4.043487265299833,3200649,30,1,QM9,Uni-Mol,3,3333
QM9_Uni-Mol_3_42,0.4864087700843811,0.015354330651462078,0.01988875529220149,172.33499956130981,4.064230823484507,3200649,30,1,QM9,Uni-Mol,3,42
QM9_Uni-Mol_3_4444,0.4326880872249603,0.014120394363999367,0.019541704836753385,172.94000101089478,4.054289618874605,3200649,30,1,QM9,Uni-Mol,3,4444
QM9_Uni-Mol_3_456,0.3553551435470581,0.014761942438781261,0.02026154035824696,172.89199829101562,4.119397988356587,3200649,30,1,QM9,Uni-Mol,3,456
QM9_Uni-Mol_3_5555,0.5490145087242126,0.015726376324892044,0.02098358621764924,172.20399856567383,4.081542583270249,3200649,30,1,QM9,Uni-Mol,3,5555
QM9_Uni-Mol_3_6666,0.35430628061294556,0.013394463807344437,0.017796785613112664,173.42199969291687,4.037594772591352,3200649,30,1,QM9,Uni-Mol,3,6666
QM9_Uni-Mol_3_7777,0.48839259147644043,0.013391699641942978,0.017803464731729196,172.39399933815002,4.071151122839906,3200649,30,1,QM9,Uni-Mol,3,7777
QM9_Uni-Mol_3_789,0.52983558177948,0.013320484198629856,0.01882403405449781,201.11599969863892,4.066938236633694,3200649,35,1,QM9,Uni-Mol,3,789
QM9_Uni-Mol_3_8888,0.5219835638999939,0.012788185849785805,0.018269370988732617,173.6619975566864,4.057420378508698,3200649,30,1,QM9,Uni-Mol,3,8888
QM9_Uni-Mol_3_9999,0.5998222827911377,0.01513544749468565,0.020312382137204224,173.54200291633606,4.087947222611669,3200649,30,1,QM9,Uni-Mol,3,9999
QM9_Uni-Mol_4_1024,0.6176705360412598,0.011051648296415806,0.014870792326522744,214.84000158309937,1.977965866568025,3200649,37,1,QM9,Uni-Mol,4,1024
QM9_Uni-Mol_4_1111,0.7197200059890747,0.011073318310081959,0.014927872086470844,331.23313069343567,1.9629908940086158,3200649,57,1,QM9,Uni-Mol,4,1111
QM9_Uni-Mol_4_123,0.7078205943107605,0.01161345187574625,0.015716821242325776,347.37400126457214,1.9098137114729767,3200649,60,1,QM9,Uni-Mol,4,123
QM9_Uni-Mol_4_1618,0.6738123297691345,0.01113168615847826,0.014974041045347462,210.48399949073792,1.9801312489893939,3200649,36,1,QM9,Uni-Mol,4,1618
QM9_Uni-Mol_4_1729,0.7594083547592163,0.015436852350831032,0.020461306462943068,309.121000289917,1.9366431215602768,3200649,53,1,QM9,Uni-Mol,4,1729
QM9_Uni-Mol_4_2048,0.7359757423400879,0.013050437904894352,0.01745131651722887,217.47399854660034,1.9890051602093297,3200649,37,1,QM9,Uni-Mol,4,2048
QM9_Uni-Mol_4_2222,0.6775081157684326,0.010242195799946785,0.013870130670707857,404.6120011806488,2.0105250319351122,3200649,69,1,QM9,Uni-Mol,4,2222
QM9_Uni-Mol_4_271,0.6826221346855164,0.009689971804618835,0.013978883568982192,443.48600244522095,1.9023677207396916,3200649,76,1,QM9,Uni-Mol,4,271
QM9_Uni-Mol_4_314,0.7175836563110352,0.012885750271379948,0.018144613859668163,212.08163571357727,1.9620057622371765,3200649,36,1,QM9,Uni-Mol,4,314
QM9_Uni-Mol_4_3141,0.6263428926467896,0.012695079669356346,0.0175437193170394,174.58799743652344,1.9258617027512122,3200649,30,1,QM9,Uni-Mol,4,3141
QM9_Uni-Mol_4_3333,0.6924251317977905,0.010550145991146564,0.014369694722686698,403.056001663208,1.964797766353776,3200649,69,1,QM9,Uni-Mol,4,3333
QM9_Uni-Mol_4_42,0.7297184467315674,0.011541969142854214,0.01574218012410836,421.53109979629517,1.9870304617852208,3200649,72,1,QM9,Uni-Mol,4,42
QM9_Uni-Mol_4_4444,0.6868461966514587,0.01154353842139244,0.015276588548745074,262.27400064468384,1.8866161035135496,3200649,45,1,QM9,Uni-Mol,4,4444
QM9_Uni-Mol_4_456,0.5923312306404114,0.012910887598991394,0.01756250826871073,402.5020020008087,1.9566912326473214,3200649,69,1,QM9,Uni-Mol,4,456
QM9_Uni-Mol_4_5555,0.7520433664321899,0.011800095438957214,0.016548777560261834,419.5770013332367,1.8509233051144653,3200649,72,1,QM9,Uni-Mol,4,5555
QM9_Uni-Mol_4_6666,0.5600935220718384,0.011635607108473778,0.015838030434695956,405.1929998397827,1.9683313811649537,3200649,69,1,QM9,Uni-Mol,4,6666
QM9_Uni-Mol_4_7777,0.6702167391777039,0.01145859807729721,0.014841850745107991,216.9400029182434,1.964952669284194,3200649,37,1,QM9,Uni-Mol,4,7777
QM9_Uni-Mol_4_789,0.7262983322143555,0.011107953265309334,0.014936620438239886,184.9849991798401,1.9046819975427154,3200649,32,1,QM9,Uni-Mol,4,789
QM9_Uni-Mol_4_8888,0.6755527257919312,0.011323514394462109,0.015794372484886913,234.0820026397705,2.0136718901326414,3200649,40,1,QM9,Uni-Mol,4,8888
QM9_Uni-Mol_4_9999,0.7599877119064331,0.011450333520770073,0.015341488368728385,274.9569971561432,1.9781986898847863,3200649,47,1,QM9,Uni-Mol,4,9999
